,set up=,6367,,,,,,set up=,4960,,,,,,set up=,276345,,,,,,set up=,30149,,,,,,set up=,15704,,,,,,set up=,297062,,,,,,,,,
,mode1_loop,,,,,,,mode1_loop,,,,,,,mode1_loop,,,,,,,mode1_loop,,,,,,,mode1_loop,,,,,,,mode1_loop,,,,,,,,,,
,nds_td0 and nds_td_rem set up,indipendent set search,sum[i] calculation,star_to_mesh,nodes, per_node,,nds_td0 and nds_td_rem set up,indipendent set search,sum[i] calculation,star_to_mesh,nodes, per_node,,nds_td0 and nds_td_rem set up,indipendent set search,sum[i] calculation,star_to_mesh,nodes, per_node,,nds_td0 and nds_td_rem set up,indipendent set search,sum[i] calculation,star_to_mesh,nodes, per_node,,nds_td0 and nds_td_rem set up,indipendent set search,sum[i] calculation,star_to_mesh,nodes, per_node,,nds_td0 and nds_td_rem set up,indipendent set search,sum[i] calculation,star_to_mesh,nodes, per_node,,,,,
,173,689,167,926,8,,,120,409,107,846,8,,,17501667,42836,3010,2000,8,,,625,2460,438,3586,8,,,299,1262,213,1667,8,,,43446282,90301937,5398034,6287,8,,,,,,
,33,462,120,854,5,,,25,288,58,499,5,,,960353,11432,1440,1287,5,,,216,1815,302,3374,5,,,103,900,161,1533,5,,,36331800,52637445,5453137,7225,5,,,,,,
,34,605,125,1219,4,,,27,256,61,675,4,,,1607956,8868,1347,1669,4,,,211,1781,368,4436,4,,,93,805,166,1960,4,,,41025527,36998476,5251586,6071,4,,,,,,
,29,246,0,0,1,-,,20,124,0,0,1,-,,1491174,2601,0,0,1,-,,145,750,0,0,1,-,,66,352,0,0,1,-,,42139765,10739617,0,0,1,-,,,,,
,,,,,,,,,,,,,,,,,,,,,,,,,,,,,,,,,,,,,,,,,,,,,,
,,,,,,,,53,280,60,80,,,,-17501494,-42147,-2843,-1074,,,,-452,-1771,-271,-2660,,,,326,1198,225,1919,,,,-43445657,-90299477,-5397596,-2701,,,,,,,
,,,,,,,,8,174,62,355,,,,-960320,-10970,-1320,-433,,,,-183,-1353,-182,-2520,,,,113,915,141,1841,,,,-36331584,-52635630,-5452835,-3851,,,,,,,
,,,,,,,,7,349,64,544,,,,-1607922,-8263,-1222,-450,,,,-177,-1176,-243,-3217,,,,118,976,202,2476,,,,-41025316,-36996695,-5251218,-1635,,,,,,,
,,,,,,,,9,122,0,0,,,,-1491145,-2355,0,0,,,,-116,-504,0,0,,,,79,398,0,0,,,,-42139620,-10738867,0,0,,,,,,,
,,,,,,,,,,,,,,,,,,,,,,,,,,,,,,,,,,,,,,,,,,,,,,
,,,,,,,,,,,,,,,,,,,,,,,,,,,,,-179,-853,-106,-821,,,,-25944615,-90259101,-5395024,-4287,,,,,,,
,,,,,,,,,,,,,,,,,,,,,,,,,,,,,-78,-612,-103,-1034,,,,-35371447,-52626013,-5451697,-5938,,,,,,,
,,,,,,,,,,,,,,,,,,,,,,,,,,,,,-66,-549,-105,-1285,,,,-39417571,-36989608,-5250239,-4402,,,,,,,
,,,,,,,,,,,,,,,,,,,,,,,,,,,,,-46,-228,0,0,,,,-40648591,-10737016,0,0,,,,,,,
,,,,,,,,,,,,,,,,,,,,,,,,,,,,,,,,,,,,,,,,,,,,,,
,,,,,,,,,,,,,,,,,,,,,,,,,,,,,,,,,,,,,,,,,,,,,,
8x8,fl_pl=,0,,,,,,fl_pl=,0,,,,,,fl_pl=,1,,,,,,fl_pl=,0,,,,,,fl_pl=,0,,,,,,fl_pl=,1,,,,,,,,,
,mode1:,,,,,,,mode1:,,,,,,,mode1:,,,,,,,mode1:,,,,,,,mode1:,,,,,,,mode1:,,,,,,,,,,
,set up=,86588,,,,,,set up=,76052,,,,,,set up=,1212801,,,,,,set up=,103628,,,,,,set up=,108123,,,,,,set up=,1071868,,,,,,,,,
,mode1_loop,,,,,,,mode1_loop,,,,,,,mode1_loop,,,,,,,mode1_loop,,,,,,,mode1_loop,,,,,,,mode1_loop,,,,,,,,,,
,nds_td0 and nds_td_rem set up,indipendent set search,sum[i] calculation,star_to_mesh,nodes, per_node,,nds_td0 and nds_td_rem set up,indipendent set search,sum[i] calculation,star_to_mesh,nodes, per_node,,nds_td0 and nds_td_rem set up,indipendent set search,sum[i] calculation,star_to_mesh,nodes, per_node,,nds_td0 and nds_td_rem set up,indipendent set search,sum[i] calculation,star_to_mesh,nodes, per_node,,nds_td0 and nds_td_rem set up,indipendent set search,sum[i] calculation,star_to_mesh,nodes, per_node,,nds_td0 and nds_td_rem set up,indipendent set search,sum[i] calculation,star_to_mesh,nodes, per_node,,,,,
,592,4133,822,6357,29,,,815,4605,844,7197,29,,,353345,157323,8072,8675,29,,,747,5795,717,9264,29,,,685,6786,849,9790,29,,,34940610,311536799,1986805,22090,29,,,,,,
,300,3972,644,7957,19,,,482,4123,671,7794,19,,,10802,109640,10801,7684,19,,,515,5448,656,11665,19,,,492,5553,693,10690,19,,,29625716,197176082,5439995,11313,19,,,,,,
,184,4191,650,10204,12,,,225,4353,688,10363,12,,,370378,69540,5237,13186,12,,,379,5283,645,13449,12,,,334,5213,702,12152,12,,,31642819,127212370,5434432,9311,12,,,,,,
,220,3308,410,10455,7,,,174,3402,328,10348,7,,,3036972,87473,8107,21505,7,,,359,4215,470,12928,7,,,364,4293,497,12047,7,,,29532565,74064048,5432246,10126,7,,,,,,
,130,3288,320,9703,6,,,198,3131,247,9284,6,,,2359908,14084,1433,2020,6,,,283,4130,351,13133,6,,,273,3861,386,11869,6,,,29283016,63587667,5312469,18397,6,,,,,,
,215,3361,356,10792,5,,,207,3581,366,10161,5,,,1248144,9573,1250,3806,5,,,300,3941,406,14664,5,,,305,3988,425,12764,5,,,26450348,31757483,5496064,9689,5,,,,,,
,120,2871,221,8845,3,,,187,2680,221,8370,3,,,1065786,4773,1257,5307,3,,,299,3156,292,11610,3,,,244,2860,292,10680,3,,,33772476,5363578,5467536,10148,3,,,,,,
,152,2553,181,8242,2,,,162,2416,159,7652,2,,,672446,2193,1127,4123,2,,,300,2656,256,11262,2,,,286,3095,225,9352,2,,,43613997,9995,75173,48223,2,,,,,,
,148,2845,183,10199,2,,,118,2807,135,9867,2,,,828357,2507,1164,4303,2,,,265,2941,207,14658,2,,,228,3128,261,13170,2,,,31411489,10074,5616058,16459,2,,,,,,
,159,3057,162,11698,2,,,134,3125,118,10851,2,,,872758,2855,795,5194,2,,,283,3516,210,16543,2,,,256,3474,248,14390,2,,,39270500,191744,13475,16620,2,,,,,,
,143,1663,140,4326,2,,,139,1663,146,4156,2,,,604004,3466,865,2936,2,,,280,1874,210,6336,2,,,236,1746,236,5308,2,,,32640774,10753442,5457959,8780,2,,,,,,
,114,1874,201,6963,2,,,170,1984,139,6810,2,,,584123,3455,994,3130,2,,,285,2177,280,10844,2,,,254,2212,248,9404,2,,,31430272,10664720,5478251,10707,2,,,,,,
,142,2577,208,7927,2,,,144,2399,239,7892,2,,,552245,3362,1016,5052,2,,,187,2987,283,12110,2,,,198,2697,281,10670,2,,,37113776,5566471,5285954,117242,2,,,,,,
,102,1559,0,0,1,-,,115,1554,0,0,1,-,,583892,1142,0,0,1,-,,256,1851,0,0,1,-,,260,1720,0,0,1,-,,46294970,8750,0,0,1,-,,,,,
,,,,,,,,,,,,,,,,,,,,,,,,,,,,,,,,,,,,,,,,,,,,,,
,,,,,,,,-223,-472,-22,-840,,,,-352753,-153190,-7250,-2318,,,,-155,-1662,105,-2907,,,,62,-991,-132,-526,,,,-34939863,-311531004,-1986088,-12826,,,,,,,
,,,,,,,,-182,-151,-27,163,,,,-10502,-105668,-10157,273,,,,-215,-1476,-12,-3708,,,,23,-105,-37,975,,,,-29625201,-197170634,-5439339,352,,,,,,,
,,,,,,,,-41,-162,-38,-159,,,,-370194,-65349,-4587,-2982,,,,-195,-1092,5,-3245,,,,45,70,-57,1297,,,,-31642440,-127207087,-5433787,4138,,,,,,,
,,,,,,,,46,-94,82,107,,,,-3036752,-84165,-7697,-11050,,,,-139,-907,-60,-2473,,,,-5,-78,-27,881,,,,-29532206,-74059833,-5431776,2802,,,,,,,
,,,,,,,,-68,157,73,419,,,,-2359778,-10796,-1113,7683,,,,-153,-842,-31,-3430,,,,10,269,-35,1264,,,,-29282733,-63583537,-5312118,-5264,,,,,,,
,,,,,,,,8,-220,-10,631,,,,-1247929,-6212,-894,6986,,,,-85,-580,-50,-3872,,,,-5,-47,-19,1900,,,,-26450048,-31753542,-5495658,4975,,,,,,,
,,,,,,,,-67,191,0,475,,,,-1065666,-1902,-1036,3538,,,,-179,-285,-71,-2765,,,,55,296,0,930,,,,-33772177,-5360422,-5467244,1462,,,,,,,
,,,,,,,,-10,137,22,590,,,,-672294,360,-946,4119,,,,-148,-103,-75,-3020,,,,14,-439,31,1910,,,,-43613697,-7339,-74917,-36961,,,,,,,
,,,,,,,,30,38,48,332,,,,-828209,338,-981,5896,,,,-117,-96,-24,-4459,,,,37,-187,-54,1488,,,,-31411224,-7133,-5615851,-1801,,,,,,,
,,,,,,,,25,-68,44,847,,,,-872599,202,-633,6504,,,,-124,-459,-48,-4845,,,,27,42,-38,2153,,,,-39270217,-188228,-13265,-77,,,,,,,
,,,,,,,,4,0,-6,170,,,,-603861,-1803,-725,1390,,,,-137,-211,-70,-2010,,,,44,128,-26,1028,,,,-32640494,-10751568,-5457749,-2444,,,,,,,
,,,,,,,,-56,-110,62,153,,,,-584009,-1581,-793,3833,,,,-171,-303,-79,-3881,,,,31,-35,32,1440,,,,-31429987,-10662543,-5477971,137,,,,,,,
,,,,,,,,-2,178,-31,35,,,,-552103,-785,-808,2875,,,,-45,-410,-75,-4183,,,,-11,290,2,1440,,,,-37113589,-5563484,-5285671,-105132,,,,,,,
,,,,,,,,-13,5,0,0,,,,-583790,417,0,0,,,,,,,,,,,-4,131,0,0,,,,-46294714,-6899,0,0,,,,,,,
,,,,,,,,0,0,0,0,,,,0,0,0,0,,,,,,,,,,,,,,,,,,,,-4035102.42857143,-10759.9285714286,,,,,,,
,,,,,,,,223,472,22,840,,,,,-30723.8571428571,-2687.14285714286,1910.5,,,,,,,,,,,,,,,,,,-34587265,-311379476,-1978733,-13415,,,,,,,
,,,,,,,,182,151,27,-163,,,,,,,,,,,,,,,,,,,,,,,,,-29614914,-197066442,-5429194,-3629,,,,,,,
,,,,,,,,41,162,38,159,,,,,,,,,,,,,,,,,,,,,,,,,-31272441,-127142830,-5429195,3875,,,,,,,
,,,,,,,,,,,,,,,,,,,,,,,,,,,,,,,,,,,,-26495593,-73976575,-5424139,11379,,,,,,,
,,,,,,,,,,,,,,,,,,,,,,,,,,,,,,,,,,,,-26923108,-63573583,-5311036,-16377,,,,,,,
,,,,,,,,,,,,,,,,,,,,,,,,,,,,,,,,,,,,-25202204,-31747910,-5494814,-5883,,,,,,,
,,,,,,,,,,,,,,,,,,,,,,,,,,,,,,,,,,,,-32706690,-5358805,-5466279,-4841,,,,,,,
,,,,,,,,,,,,,,,,,,,,,,,,,,,,,,,,,,,,-42941551,-7802,-74046,-44100,,,,,,,
,,,,,,,,,,,,,,,,,,,,,,,,,,,,,,,,,,,,-30583132,-7567,-5614894,-12156,,,,,,,
,,,,,,,,,,,,,,,,,,,,,,,,,,,,,,,,,,,,-38397742,-188889,-12680,-11426,,,,,,,
,,,,,,,,,,,,,,,,,,,,,,,,,,,,,,,,,,,,-32036770,-10749976,-5457094,-5844,,,,,,,
,,,,,,,,,,,,,,,,,,,,,,,,,,,,,,,,,,,,-30846149,-10661265,-5477257,-7577,,,,,,,
,,,,,,,,,,,,,,,,,,,,,,,,,,,,,,,,,,,,-36561531,-5563109,-5284938,-112190,,,,,,,
,,,,,,,,,,,,,,,,,,,,,,,,,,,,,,,,,,,,-45711078,-7608,0,0,,,,,,,
,,,,,,,,,,,,,,,,,,,,,,,,,,,,,,,,,,,,,,,-15870.2857142857,,,,,,,
,'00 Muon,,,,,,,'01 Muon,,,,,,,'11 Muon,,,,,,,'00_tachyon,,,,,,,'01_tachyon,,,,,,,'11_tachyon,,,,,,,,,,
16x16,fl_pl=,0,,,,,,fl_pl=,0,,,,,,fl_pl=,1,,,,,,fl_pl=,0,,,,,,fl_pl=,0,,,,,,fl_pl=,1,,,,,,,,,
,mode1:,,,,,,,mode1:,,,,,,,mode1:,,,,,,,mode1:,,,,,,,mode1:,,,,,,,mode1:,,,,,,,,,,
,set up=,306083,,,,,,set up=,104857,,,,,,set up=,12330586,,,,,,set up=,432053,,,,,,set up=,453863,,,,,,set up=,20062474,,,,,,,,,
,mode1_loop,,,,,,,mode1_loop,,,,,,,mode1_loop,,,,,,,mode1_loop,,,,,,,mode1_loop,,,,,,,mode1_loop,,,,,,,,,,
,nds_td0 and nds_td_rem set up,indipendent set search,sum[i] calculation,star_to_mesh,nodes,,,nds_td0 and nds_td_rem set up,indipendent set search,sum[i] calculation,star_to_mesh,nodes,,,nds_td0 and nds_td_rem set up,indipendent set search,sum[i] calculation,star_to_mesh,nodes,,,nds_td0 and nds_td_rem set up,indipendent set search,sum[i] calculation,star_to_mesh,nodes,,,nds_td0 and nds_td_rem set up,indipendent set search,sum[i] calculation,star_to_mesh,nodes,,,nds_td0 and nds_td_rem set up,indipendent set search,sum[i] calculation,star_to_mesh,nodes,,,,,,
,1553,11550,1601,18504,110,,,300,2523,320,4224,110,,,17392399,8988624,2285,4235,110,,,1664,12560,1860,26424,110,,,1555,13436,2147,25383,110,,,34558067,1209160296,11517815,11094351,110,,,,,,
,991,17639,2065,26641,74,,,234,3439,368,5401,74,,,4543,151329,2088,4113,74,,,1290,19715,2205,37237,74,,,1293,20179,2618,32766,74,,,22883651,824559197,507190,25995,74,,,,,,
,849,19520,1947,43270,48,,,195,3794,449,8809,48,,,4190,95619,2273,3746,48,,,1098,20203,2304,55270,48,,,1542,20600,2715,48539,48,,,23703274,529202769,5519969,155887,48,,,,,,
,754,15719,1191,41560,26,,,167,3179,238,8629,26,,,4101,54629,3467,3237,26,,,1013,17904,1511,53121,26,,,987,17624,1540,47240,26,,,21244639,286519260,5930960,22075,26,,,,,,
,738,16910,1114,49661,23,,,166,3430,271,10234,23,,,37766,44264,2344,3507,23,,,923,18988,1440,63703,23,,,1297,18664,1511,57560,23,,,28937171,214255376,5555181,22949,23,,,,,,
,688,17890,1178,54067,18,,,148,3576,229,10823,18,,,46259,28351,1869,5150,18,,,896,18806,1324,81338,18,,,890,18551,1386,59254,18,,,28689728,143479991,5656605,18005,18,,,,,,
,646,15739,908,51751,13,,,140,3077,190,10436,13,,,375675,25098,1838,10157,13,,,862,16768,1100,63994,13,,,1180,16526,1048,56114,13,,,41258963,96694164,266878,31190,13,,,,,,
,640,14219,684,45135,11,,,134,2746,174,8512,11,,,696999,18947,1651,9339,11,,,884,15051,1070,52447,11,,,835,15043,966,46784,11,,,49047467,63750226,5567129,16878,11,,,,,,
,625,11615,550,38791,7,,,139,2419,92,8406,7,,,779950,11259,1535,13924,7,,,754,13916,667,55615,7,,,1061,13218,712,49020,7,,,39902718,21284933,5294399,17806,7,,,,,,
,571,11880,430,47188,6,,,119,2678,75,10378,6,,,623744,2539352,1605,10169,6,,,737,14414,579,65856,6,,,727,14100,744,55838,6,,,40181131,31894571,10741361,63653,6,,,,,,
,589,12314,476,38177,6,,,129,2653,83,8914,6,,,784719,7100,1499,10429,6,,,725,13406,644,55336,6,,,1019,13535,695,48216,6,,,43992762,81179,6471740,62344,6,,,,,,
,525,11944,402,49753,5,,,116,2577,93,11581,5,,,449119,11417,357589,11054,5,,,718,14477,515,71011,5,,,692,14030,584,61328,5,,,27459270,5685035,4350066,24703,5,,,,,,
,596,12452,331,48238,4,,,126,2770,73,10921,4,,,200820,255324,7000,15860,4,,,681,14501,491,71108,4,,,1045,14268,544,60634,4,,,48121204,11768028,511896,45056,4,,,,,,
,542,13275,333,50478,4,,,115,2760,65,11473,4,,,2950964,110170,7955,17390,4,,,712,16080,546,76566,4,,,684,16510,588,81423,4,,,54946714,7996372,23878,44825,4,,,,,,
,545,13414,362,46910,4,,,123,3031,68,10641,4,,,299824,254725,9072,12160,4,,,666,15796,502,71911,4,,,967,16310,542,59283,4,,,48206046,11641139,1276565,36888,4,,,,,,
,507,11663,403,51114,4,,,112,2619,79,11616,4,,,200783,445187,1137,22873,4,,,678,13796,459,73876,4,,,662,14126,465,64603,4,,,53852547,41676848,5454470,51541,4,,,,,,
,530,10851,365,39136,3,,,117,2527,52,8821,3,,,481674,319294,698,5443,3,,,663,13532,357,60678,3,,,635,13443,453,49915,3,,,48820965,11716077,2375,23338,3,,,,,,
,531,11330,247,30271,3,,,112,2253,50,7205,3,,,209191,175992,558,5049,3,,,643,12910,381,50195,3,,,646,12982,378,43516,3,,,46844514,11539012,1900,19149,3,,,,,,
,604,10273,234,31788,3,,,114,2238,50,7586,3,,,207620,172744,678,5306,3,,,623,12878,315,53376,3,,,630,12737,392,43988,3,,,49801218,11908073,1413,21991,3,,,,,,
,482,11615,217,44927,3,,,105,2774,65,10318,3,,,209459,181999,690,10769,3,,,628,14528,486,69682,3,,,630,14646,463,59492,3,,,50583247,6476712,3378,62121,3,,,,,,
,564,13794,297,76798,2,,,114,3201,60,16523,2,,,213709,185189,843,27072,2,,,626,16511,500,118399,2,,,625,16958,530,98039,2,,,45494387,12811117,4288,187267,2,,,,,,
,521,17232,296,75404,2,,,112,3805,60,16233,2,,,214801,195393,847,45512,2,,,650,19584,517,117214,2,,,629,20530,526,98859,2,,,34628657,7962890,4282,185303,2,,,,,,
,502,16631,244,50673,2,,,105,3770,54,10831,2,,,221169,212107,1081,16103,2,,,629,19057,499,85192,2,,,620,20234,470,68026,2,,,31485442,4629106,4722,47375,2,,,,,,
,516,16591,248,46188,2,,,112,3512,57,10017,2,,,259191,253444,900,14763,2,,,616,18300,496,79833,2,,,626,19434,477,64169,2,,,60563753,7476821,2831,46010,2,,,,,,
,540,16302,250,44008,2,,,112,3495,54,9694,2,,,255338,197546,656,11662,2,,,625,18309,475,74995,2,,,625,19550,456,59968,2,,,55681004,10386765,3773,44688,2,,,,,,
,485,15501,316,44822,2,,,106,3405,58,9747,2,,,216777,176901,750,10890,2,,,640,18908,512,76982,2,,,636,19060,500,59912,2,,,58890403,9593945,4152,60153,2,,,,,,
,514,15702,242,40171,2,,,111,3505,73,8548,2,,,215983,196850,910,10442,2,,,610,18448,452,70670,2,,,600,18634,490,55045,2,,,54522171,2653341,2482,57327,2,,,,,,
,487,15108,264,37831,2,,,110,3314,70,8178,2,,,216386,211630,624,10309,2,,,644,18828,458,67494,2,,,614,18715,489,52509,2,,,31959158,3329799,5034,78866,2,,,,,,
,502,9632,211,42113,2,,,112,2108,51,9309,2,,,212153,8813,711,11791,2,,,592,12128,357,67200,2,,,576,11925,344,57708,2,,,54970048,5363089,3523,42684,2,,,,,,
,502,8980,292,30661,2,,,99,2045,47,6918,2,,,371940,9481,1496,8510,2,,,603,12754,370,53994,2,,,601,12740,352,44270,2,,,47525515,10693189,2750,72852,2,,,,,,
,456,8523,221,24370,2,,,102,1851,51,5403,2,,,371315,8620,1429,7105,2,,,585,12167,343,46380,2,,,597,11804,306,37906,2,,,52625405,5761422,3623,44200,2,,,,,,
,484,7310,204,21828,2,,,96,1633,44,4779,2,,,394159,9093,1587,7282,2,,,620,10905,282,39194,2,,,594,10394,375,32152,2,,,51457019,5129423,2894,36335,2,,,,,,
,482,7078,191,21419,2,,,98,1489,36,4515,2,,,381460,10989,1042,7979,2,,,581,10583,280,37274,2,,,575,9969,346,29906,2,,,47716728,9373014,2051,26393,2,,,,,,
,423,7158,195,18846,2,,,93,1532,39,4091,2,,,18013487,4474259,722,9292,2,,,587,10277,280,34666,2,,,574,10026,283,28286,2,,,63201969,790347,4644,44900,2,,,,,,
,418,10523,285,40220,2,,,95,2265,60,9855,2,,,419652,13249,1371,10308,2,,,581,13421,373,68603,2,,,571,13244,356,54276,2,,,53877811,223907,1130,34477,2,,,,,,
,454,9308,223,29887,2,,,98,2273,56,6425,2,,,385431,12006,547,9404,2,,,574,13485,366,53650,2,,,593,13557,389,43240,2,,,45860019,5732204,2640,53563,2,,,,,,
,463,10351,192,28656,2,,,106,2091,48,6168,2,,,373144,11473,727,7716,2,,,566,13294,343,52798,2,,,562,13730,370,42229,2,,,38478280,5687156,1476,49605,2,,,,,,
,445,9551,209,26289,2,,,96,2151,46,5635,2,,,338285,9636,681,8532,2,,,546,13462,330,50185,2,,,550,13246,360,40320,2,,,33635054,460918,1529,38934,2,,,,,,
,460,9211,197,23675,2,,,96,2010,40,5132,2,,,418220,13476,1598,9334,2,,,576,11906,306,44296,2,,,563,11983,284,34383,2,,,28111288,6664868,10385,51224,2,,,,,,
,448,8517,200,22886,2,,,92,1872,50,7829,2,,,346997,10662,779,7935,2,,,546,11622,320,42000,2,,,557,11694,330,33365,2,,,38767268,5288250,4123,46271,2,,,,,,
,472,8294,166,21693,2,,,97,1933,49,4888,2,,,340223,11362,1458,7213,2,,,557,11734,312,40568,2,,,544,11747,310,31916,2,,,49149871,6364063,4542,70154,2,,,,,,
,435,7165,186,21859,2,,,93,1615,37,4741,2,,,337557,9063,1166,7110,2,,,537,10120,293,39009,2,,,557,9779,292,31464,2,,,29852777,5439630,5157,174008,2,,,,,,
,423,5141,0,0,1,,,95,1101,0,0,1,,,333430,6809,0,0,1,,,535,7531,0,0,1,,,534,7259,0,0,1,,,27102410,5371444,0,0,1,,,,,,
,,,,,,,,,,,,,,,,,,,,,,,,,,,,,,,,,,,,,,,,,,,,,,
,,,,,,,,1253,9027,1281,14280,,,,-17390846,-8977074,-684,14269,,,,,,,,,,,109,-876,-287,1041,,,,-34556403,-1209147736,-11515955,-11067927,,,,,,,
,,,,,,,,757,14200,1697,21240,,,,-3552,-133690,-23,22528,,,,,,,,,,,-3,-464,-413,4471,,,,-22882361,-824539482,-504985,11242,,,,,,,
,,,,,,,,654,15726,1498,34461,,,,-3341,-76099,-326,39524,,,,,,,,,,,-444,-397,-411,6731,,,,-23702176,-529182566,-5517665,-100617,,,,,,,
,,,,,,,,587,12540,953,32931,,,,-3347,-38910,-2276,38323,,,,,,,,,,,26,280,-29,5881,,,,-21243626,-286501356,-5929449,31046,,,,,,,
,,,,,,,,572,13480,843,39427,,,,-37028,-27354,-1230,46154,,,,,,,,,,,-374,324,-71,6143,,,,-28936248,-214236388,-5553741,40754,,,,,,,
,,,,,,,,540,14314,949,43244,,,,-45571,-10461,-691,48917,,,,,,,,,,,6,255,-62,22084,,,,-28688832,-143461185,-5655281,63333,,,,,,,
,,,,,,,,506,12662,718,41315,,,,-375029,-9359,-930,41594,,,,,,,,,,,-318,242,52,7880,,,,-41258101,-96677396,-265778,32804,,,,,,,
,,,,,,,,506,11473,510,36623,,,,-696359,-4728,-967,35796,,,,,,,,,,,49,8,104,5663,,,,-49046583,-63735175,-5566059,35569,,,,,,,
,,,,,,,,486,9196,458,30385,,,,-779325,356,-985,24867,,,,,,,,,,,-307,698,-45,6595,,,,-39901964,-21271017,-5293732,37809,,,,,,,
,,,,,,,,452,9202,355,36810,,,,-623173,-2527472,-1175,37019,,,,,,,,,,,10,314,-165,10018,,,,-40180394,-31880157,-10740782,2203,,,,,,,
,,,,,,,,460,9661,393,29263,,,,-784130,5214,-1023,27748,,,,,,,,,,,-294,-129,-51,7120,,,,-43992037,-67773,-6471096,-7008,,,,,,,
,,,,,,,,409,9367,309,38172,,,,-448594,527,-357187,38699,,,,,,,,,,,26,447,-69,9683,,,,-27458552,-5670558,-4349551,46308,,,,,,,
,,,,,,,,470,9682,258,37317,,,,-200224,-242872,-6669,32378,,,,,,,,,,,-364,233,-53,10474,,,,-48120523,-11753527,-511405,26052,,,,,,,
,,,,,,,,427,10515,268,39005,,,,-2950422,-96895,-7622,33088,,,,,,,,,,,28,-430,-42,-4857,,,,-54946002,-7980292,-23332,31741,,,,,,,
,,,,,,,,422,10383,294,36269,,,,-299279,-241311,-8710,34750,,,,,,,,,,,-301,-514,-40,12628,,,,-48205380,-11625343,-1276063,35023,,,,,,,
,,,,,,,,395,9044,324,39498,,,,-200276,-433524,-734,28241,,,,,,,,,,,16,-330,-6,9273,,,,-53851869,-41663052,-5454011,22335,,,,,,,
,,,,,,,,413,8324,313,30315,,,,-481144,-308443,-333,33693,,,,,,,,,,,28,89,-96,10763,,,,-48820302,-11702545,-2018,37340,,,,,,,
,,,,,,,,419,9077,197,23066,,,,-208660,-164662,-311,25222,,,,,,,,,,,-3,-72,3,6679,,,,-46843871,-11526102,-1519,31046,,,,,,,
,,,,,,,,490,8035,184,24202,,,,-207016,-162471,-444,26482,,,,,,,,,,,-7,141,-77,9388,,,,-49800595,-11895195,-1098,31385,,,,,,,
,,,,,,,,377,8841,152,34609,,,,-208977,-170384,-473,34158,,,,,,,,,,,-2,-118,23,10190,,,,-50582619,-6462184,-2892,7561,,,,,,,
,,,,,,,,450,10593,237,60275,,,,-213145,-171395,-546,49726,,,,,,,,,,,1,-447,-30,20360,,,,-45493761,-12794606,-3788,-68868,,,,,,,
,,,,,,,,409,13427,236,59171,,,,-214280,-178161,-551,29892,,,,,,,,,,,21,-946,-9,18355,,,,-34628007,-7943306,-3765,-68089,,,,,,,
,,,,,,,,397,12861,190,39842,,,,-220667,-195476,-837,34570,,,,,,,,,,,9,-1177,29,17166,,,,-31484813,-4610049,-4223,37817,,,,,,,
,,,,,,,,404,13079,191,36171,,,,-258675,-236853,-652,31425,,,,,,,,,,,-10,-1134,19,15664,,,,-60563137,-7458521,-2335,33823,,,,,,,
,,,,,,,,428,12807,196,34314,,,,-254798,-181244,-406,32346,,,,,,,,,,,0,-1241,19,15027,,,,-55680379,-10368456,-3298,30307,,,,,,,
,,,,,,,,379,12096,258,35075,,,,-216292,-161400,-434,33932,,,,,,,,,,,4,-152,12,17070,,,,-58889763,-9575037,-3640,16829,,,,,,,
,,,,,,,,403,12197,169,31623,,,,-215469,-181148,-668,29729,,,,,,,,,,,10,-186,-38,15625,,,,-54521561,-2634893,-2030,13343,,,,,,,
,,,,,,,,377,11794,194,29653,,,,-215899,-196522,-360,27522,,,,,,,,,,,30,113,-31,14985,,,,-31958514,-3310971,-4576,-11372,,,,,,,
,,,,,,,,390,7524,160,32804,,,,-211651,819,-500,30322,,,,,,,,,,,16,203,13,9492,,,,-54969456,-5350961,-3166,24516,,,,,,,
,,,,,,,,403,6935,245,23743,,,,-371438,-501,-1204,22151,,,,,,,,,,,2,14,18,9724,,,,-47524912,-10680435,-2380,-18858,,,,,,,
,,,,,,,,,,,,,,,-370859,-97,-1208,17265,,,,,,,,,,,-12,363,37,8474,,,,-52624820,-5749255,-3280,2180,,,,,,,
,,,,,,,,,,,,,,,-393675,-1783,-1383,14546,,,,,,,,,,,26,511,-93,7042,,,,-51456399,-5118518,-2612,2859,,,,,,,
,,,,,,,,,,,,,,,-380978,-3911,-851,13440,,,,,,,,,,,6,614,-66,7368,,,,-47716147,-9362431,-1771,10881,,,,,,,
,,,,,,,,,,,,,,,-18013064,-4467101,-527,9554,,,,,,,,,,,13,251,-3,6380,,,,-63201382,-780070,-4364,-10234,,,,,,,
,,,,,,,,,,,,,,,-419234,-2726,-1086,29912,,,,,,,,,,,10,177,17,14327,,,,-53877230,-210486,-757,34126,,,,,,,
,,,,,,,,,,,,,,,-384977,-2698,-324,20483,,,,,,,,,,,-19,-72,-23,10410,,,,-45859445,-5718719,-2274,87,,,,,,,
,,,,,,,,,,,,,,,-372681,-1122,-535,20940,,,,,,,,,,,4,-436,-27,10569,,,,-38477714,-5673862,-1133,3193,,,,,,,
,,,,,,,,,,,,,,,-337840,-85,-472,17757,,,,,,,,,,,-4,216,-30,9865,,,,-33634508,-447456,-1199,11251,,,,,,,
,,,,,,,,,,,,,,,-417760,-4265,-1401,14341,,,,,,,,,,,13,-77,22,9913,,,,-28110712,-6652962,-10079,-6928,,,,,,,
,,,,,,,,,,,,,,,-346549,-2145,-579,14951,,,,,,,,,,,-11,-72,-10,8635,,,,-38766722,-5276628,-3803,-4271,,,,,,,
,,,,,,,,,,,,,,,-339751,-3068,-1292,14480,,,,,,,,,,,13,-13,2,8652,,,,-49149314,-6352329,-4230,-29586,,,,,,,
,,,,,,,,,,,,,,,-337122,-1898,-980,14749,,,,,,,,,,,-20,341,1,7545,,,,-29852240,-5429510,-4864,-134999,,,,,,,
,,,,,,,,,,,,,,,-333007,-1668,0,0,,,,,,,,,,,1,272,0,0,,,,-27101875,-5363913,0,0,,,,,,,
,,,,,,,,,,,,,,,0,,,,,,,,,,,,,,,,,,,,,,,,-250790.558139535,,,,,,,
,'00 Muon,,,,,,,'01 Muon,,,,,,,'11 Muon,,,,,,,'00_tachyon,,,,,,,'01_tachyon,,,,,,,'11_tachyon,,,,,,,,,,
32x32,fl_pl=,0,,,,,,fl_pl=,0,,,,,,fl_pl=,1,,,,,,fl_pl=,0,,,,,,fl_pl=,0,,,,,,fl_pl=,1,,,,,,,,,
,mode1:,,,,,,,mode1:,,,,,,,mode1:,,,,,,,mode1:,,,,,,,mode1:,,,,,,,mode1:,,,,,,,,,,
,set up=,434552,,,,,,set up=,343176,,,,,,set up=,7423229,,,,,,set up=,1678477,,,,,,set up=,1650152,,,,,,set up=,28282690,,,,,,,,,
,mode1_loop,,,,,,,mode1_loop,,,,,,,mode1_loop,,,,,,,mode1_loop,,,,,,,mode1_loop,,,,,,,mode1_loop,,,,,,,,,,
,nds_td0 and nds_td_rem set up,indipendent set search,sum[i] calculation,star_to_mesh,nodes,,,nds_td0 and nds_td_rem set up,indipendent set search,sum[i] calculation,star_to_mesh,nodes,,,nds_td0 and nds_td_rem set up,indipendent set search,sum[i] calculation,star_to_mesh,nodes,,,nds_td0 and nds_td_rem set up,indipendent set search,sum[i] calculation,star_to_mesh,nodes,,,nds_td0 and nds_td_rem set up,indipendent set search,sum[i] calculation,star_to_mesh,nodes,,,nds_td0 and nds_td_rem set up,indipendent set search,sum[i] calculation,star_to_mesh,nodes,,,,,,
,2875,5426,1550,11713,430,,,2871,5659,1470,11838,430,,,17418,873821,5911,10909,430,,,9861,40100,9410,103979,430,,,9819,39713,9384,103250,430,,,23654336,4752441865,10854698,11035477,430,,,,,,
,734,9204,1180,16373,291,,,742,8775,1357,15574,291,,,4467,801561,2614,9074,291,,,4426,59025,8456,118749,291,,,4517,59850,8784,106220,291,,,26668159,3221274655,16084844,5606323,291,,,,,,
,620,12460,1254,26825,180,,,787,12428,1327,24974,180,,,4253,516929,2261,7637,180,,,3755,68138,8390,167064,180,,,3719,70117,8808,164764,180,,,21812594,1991442181,6197693,11948570,180,,,,,,
,536,12971,1099,35085,115,,,543,13278,979,34404,115,,,4329,238026,2171,6658,115,,,3288,75224,6184,222963,115,,,3427,74462,6594,195777,115,,,26842693,1402726660,10719232,14087051,115,,,,,,
,495,12336,938,34527,86,,,568,12874,939,34715,86,,,4390,162776,2154,6624,86,,,2994,70914,5700,238649,86,,,3026,69515,5844,198815,86,,,23859111,901536038,10879365,10758295,86,,,,,,
,466,12994,775,36266,64,,,466,12667,890,37077,64,,,4651,108139,2392,7437,64,,,3309,74060,5157,278346,64,,,2822,67678,4745,207849,64,,,33169012,487683142,8126913,39967,64,,,,,,
,443,12532,679,38689,49,,,528,12492,681,38617,49,,,4654,93932,2227,8275,49,,,4305,71954,4427,246891,49,,,2670,67578,4544,219299,49,,,23663547,261307170,5767675,34564,49,,,,,,
,426,11907,599,37758,44,,,427,12098,745,37106,44,,,4675,966397,2390,9536,44,,,2595,66850,5622,242275,44,,,2588,65310,3740,212175,44,,,26596688,252462445,218336,27551,44,,,,,,
,409,11940,475,47396,34,,,446,12270,524,45845,34,,,4315,3860335,3261,22696,34,,,2841,67661,3204,310033,34,,,2703,66330,3201,272651,34,,,30506302,123249350,5614773,47951,34,,,,,,
,397,11434,457,41677,31,,,396,11658,477,44305,31,,,6894,4608610,3093,20504,31,,,2440,66090,2925,266778,31,,,2436,64784,2974,233250,31,,,25444120,176781147,5403972,55274,31,,,,,,
,384,11172,477,41516,25,,,421,11714,463,40143,25,,,5110,12417950,12379,94190,25,,,2542,64536,2430,279070,25,,,2353,64030,2414,237826,25,,,27565628,114481926,5392245,167225,25,,,,,,
,375,11388,380,42412,22,,,373,11229,339,39342,22,,,94227,1360092,10390,146113,22,,,2290,63546,2284,272043,22,,,2275,62343,2333,237043,22,,,26404906,31096331,5395417,67566,22,,,,,,
,367,11548,284,50104,17,,,413,11997,317,47018,17,,,119557,676265,6754378,64102,17,,,2483,68573,2024,335029,17,,,2280,67011,2066,286023,17,,,32349201,2477646,4429040,117639,17,,,,,,
,363,11497,282,54331,15,,,360,12081,283,50210,15,,,4796639,443431,217717,57801,15,,,2220,68554,1910,363204,15,,,2200,68337,1933,320593,15,,,34451803,8260442,4797333,94241,15,,,,,,
,356,11448,272,44350,13,,,399,11147,247,42227,13,,,234298,1597652,2663,42663,13,,,2386,64843,1590,243775,13,,,2243,65331,1640,263399,13,,,33199071,68305141,5365265,248780,13,,,,,,
,448,12663,273,57179,12,,,351,13069,268,51359,12,,,25673401,1310400,87407,50468,12,,,1064,34366,775,174396,12,,,2178,75129,1735,318730,12,,,27965741,9098745,192580,87606,12,,,,,,
,347,12313,208,52646,9,,,390,12393,189,45056,9,,,23044060,5767075,38222,25335,9,,,1123,33310,647,162332,9,,,2175,74049,1414,301991,9,,,22498257,8940322,166541,133499,9,,,,,,
,343,9813,211,35077,10,,,340,9396,199,35679,10,,,10477401,1024720,126617,29219,10,,,968,25554,609,125242,10,,,2149,55745,1325,232119,10,,,34301740,9428412,230067,58050,10,,,,,,
,345,11464,213,49582,10,,,381,10922,209,38502,10,,,171513,278410,49714,19918,10,,,1095,29884,636,134888,10,,,2107,64741,1375,247975,10,,,25051911,8542408,1165671,67443,10,,,,,,
,384,12998,214,50719,9,,,334,12211,220,46748,9,,,169684,199274,38292,22610,9,,,954,32212,630,167454,9,,,2053,72726,1415,303907,9,,,30624483,8240786,4522791,86815,9,,,,,,
,354,12635,196,46241,8,,,380,16392,213,49772,8,,,175493,302460,15001,20257,8,,,1129,32985,667,166667,8,,,2046,73061,1360,298096,8,,,33886324,8508982,2938107,106597,8,,,,,,
,350,12929,180,41373,8,,,340,13079,195,39627,8,,,186315,196217,16113,23328,8,,,951,34358,630,150667,8,,,2030,77369,1359,274113,8,,,38241075,7966214,1547200,124592,8,,,,,,
,326,12495,156,43650,7,,,369,12398,168,43873,7,,,183034,69481,143264,24336,7,,,1021,33512,588,163748,7,,,2006,74217,1233,289196,7,,,34388753,7578604,989595,94812,7,,,,,,
,322,12295,168,37909,7,,,325,12646,182,37795,7,,,191003,41780,181780,19912,7,,,976,32656,532,145802,7,,,2013,74579,1178,270413,7,,,31337509,8400180,1112165,100503,7,,,,,,
,328,12296,156,33865,7,,,361,12197,159,34051,7,,,277975,236346,63028,15501,7,,,1018,32125,524,136773,7,,,2058,73984,1218,180398,7,,,37337228,6401931,3996135,114913,7,,,,,,
,318,12666,151,36563,7,,,312,12421,163,35764,7,,,282620,228715,62988,19156,7,,,902,32717,536,144374,7,,,914,33772,572,116591,7,,,35902456,7325869,4691931,96246,7,,,,,,
,315,13093,160,45788,6,,,310,12904,153,44526,6,,,278339,238100,19832,29570,6,,,899,34290,574,173338,6,,,935,35103,552,141219,6,,,36095032,7778441,54604,109388,6,,,,,,
,313,9642,156,45079,7,,,329,9792,164,43624,7,,,285122,219531,1230,34132,7,,,931,28567,715,157881,7,,,917,28017,539,130423,7,,,27482258,8092912,3417,160686,7,,,,,,
,312,9710,152,34635,6,,,312,9730,143,36464,6,,,279341,210141,21434,16262,6,,,1010,26432,479,124941,6,,,894,27555,482,106795,6,,,29382467,6984879,457980,73384,6,,,,,,
,305,9617,162,32414,6,,,315,10121,122,37829,6,,,276212,112665,77441,14268,6,,,903,27040,452,120979,6,,,893,27861,477,101109,6,,,27166337,7542480,176473,80131,6,,,,,,
,307,10710,140,71721,5,,,309,11222,128,62162,5,,,287814,308070,53016,57401,5,,,971,31532,540,221646,5,,,874,31399,519,183934,5,,,28430175,7811677,202943,235354,5,,,,,,
,304,11149,138,135220,4,,,304,11894,126,133014,4,,,293280,294956,2036,198843,4,,,931,33705,535,395684,4,,,908,35882,525,328875,4,,,39595971,2575064,5134,543154,4,,,,,,
,587,11953,136,41111,4,,,538,12285,206,37351,4,,,300839,359592,1051,33492,4,,,1040,35319,515,165937,4,,,977,37226,536,124810,4,,,28983238,7878615,3380,192676,4,,,,,,
,501,11653,139,34990,4,,,323,11982,125,33186,4,,,305978,328527,1092,28735,4,,,921,35835,519,147442,4,,,935,36045,512,114799,4,,,36148766,3609455,3109,138796,4,,,,,,
,308,15318,133,68824,4,,,316,15576,143,65370,4,,,6452584,304740,790,101406,4,,,882,41969,598,269707,4,,,883,43116,601,214270,4,,,28855130,7867457,3307,384482,4,,,,,,
,313,17916,140,79212,4,,,323,18137,146,78478,4,,,204198,274726,1154,112996,4,,,939,51720,612,312033,4,,,942,53369,575,244247,4,,,34609540,3341815,3320,432752,4,,,,,,
,435,17651,145,50588,4,,,383,18124,175,50478,4,,,200204,266853,69497,48202,4,,,1185,78207,797,288439,4,,,1091,53817,597,174392,4,,,30673736,9309148,37173,254908,4,,,,,,
,306,17741,146,52601,4,,,309,18833,148,51138,4,,,194601,248878,916,47829,4,,,1258,81077,751,273123,4,,,1036,54234,601,178470,4,,,33631773,2991381,2980,174983,4,,,,,,
,315,17798,135,51601,4,,,326,18434,159,48984,4,,,203592,252789,891,47260,4,,,1225,51953,619,231616,4,,,1024,53643,612,175171,4,,,30797591,7867431,4636,239608,4,,,,,,
,304,18807,142,63402,3,,,301,19707,151,61816,3,,,702906,276382,1467,51198,3,,,1071,53032,778,274355,3,,,976,55928,614,208825,3,,,25318137,7756933,3887,238945,3,,,,,,
,300,20664,159,145233,3,,,314,22013,166,142038,3,,,199590,254289,888,222170,3,,,1145,60804,731,510941,3,,,1082,63688,720,411776,3,,,30856867,8003055,4644,696480,3,,,,,,
,609,24747,223,101347,3,,,453,24741,169,98765,3,,,211828,240949,956,144626,3,,,1247,73448,768,378159,3,,,1076,75531,758,298287,3,,,27526760,7589445,4858,481479,3,,,,,,
,456,22231,173,68982,3,,,360,23776,186,63393,3,,,217299,269429,937,46990,3,,,1352,73310,778,303359,3,,,1207,74904,775,232133,3,,,33027235,10240043,3716,257342,3,,,,,,
,446,21818,164,64100,3,,,335,23126,165,61666,3,,,22493197,4731583,1326,57431,3,,,1243,78784,721,295316,3,,,1113,73308,773,226125,3,,,28002404,7858536,4380,252551,3,,,,,,
,293,21792,166,65248,3,,,318,23338,170,62406,3,,,19824416,590693,1038,51274,3,,,1249,70054,735,295714,3,,,1120,72656,842,225702,3,,,26871386,8640295,4027,248623,3,,,,,,
,295,21790,149,65612,3,,,331,22956,163,63522,3,,,242332,272236,1010,50274,3,,,1172,72651,702,296943,3,,,1026,72841,725,224515,3,,,35157892,9051961,3632,315191,3,,,,,,
,294,21590,174,62331,3,,,314,22770,161,60127,3,,,189142,275268,1001,47994,3,,,1231,68406,708,286811,3,,,1069,71669,726,218156,3,,,36763254,17971834,7073,742354,3,,,,,,
,289,21452,165,63340,3,,,319,22649,162,60803,3,,,236909,280583,888,46320,3,,,1180,68629,717,291021,3,,,982,71964,705,223280,3,,,35045573,5699567,4253,337679,3,,,,,,
,288,21280,169,60783,3,,,323,22340,165,58974,3,,,224356,265949,893,45080,3,,,1192,67360,755,286241,3,,,1069,71112,709,214812,3,,,38331576,11632657,6726,314736,3,,,,,,
,288,7677,165,29471,3,,,303,7436,92,28754,3,,,218314,22071,1033,25079,3,,,1161,23509,343,110144,3,,,1016,23088,341,88442,3,,,37909882,5691350,19150,210145,3,,,,,,
,,,,,,,,,,,,,,,,,,,,,,,,,,,,,,,,,,,,,,,,,,,,,,
,,,,,,,,1253,9027,1281,14280,,,,-17390846,-8977074,-684,14269,,,,-111,-1010,-259,-7920,,,,109,-876,-287,1041,,,,-34556403,-1209147736,-11515955,-11067927,,,,,,,
,,,,,,,,757,14200,1697,21240,,,,-3552,-133690,-23,22528,,,,-299,-2076,-140,-10596,,,,-3,-464,-413,4471,,,,-22882361,-824539482,-504985,11242,,,,,,,
,,,,,,,,654,15726,1498,34461,,,,-3341,-76099,-326,39524,,,,-249,-683,-357,-12000,,,,-444,-397,-411,6731,,,,-23702176,-529182566,-5517665,-100617,,,,,,,
,,,,,,,,587,12540,953,32931,,,,-3347,-38910,-2276,38323,,,,-259,-2185,-320,-11561,,,,26,280,-29,5881,,,,-21243626,-286501356,-5929449,31046,,,,,,,
,,,,,,,,572,13480,843,39427,,,,-37028,-27354,-1230,46154,,,,-185,-2078,-326,-14042,,,,-374,324,-71,6143,,,,-28936248,-214236388,-5553741,40754,,,,,,,
,,,,,,,,540,14314,949,43244,,,,-45571,-10461,-691,48917,,,,-208,-916,-146,-27271,,,,6,255,-62,22084,,,,-28688832,-143461185,-5655281,63333,,,,,,,
,,,,,,,,506,12662,718,41315,,,,-375029,-9359,-930,41594,,,,-216,-1029,-192,-12243,,,,-318,242,52,7880,,,,-41258101,-96677396,-265778,32804,,,,,,,
,,,,,,,,506,11473,510,36623,,,,-696359,-4728,-967,35796,,,,-244,-832,-386,-7312,,,,49,8,104,5663,,,,-49046583,-63735175,-5566059,35569,,,,,,,
,,,,,,,,486,9196,458,30385,,,,-779325,356,-985,24867,,,,-129,-2301,-117,-16824,,,,-307,698,-45,6595,,,,-39901964,-21271017,-5293732,37809,,,,,,,
,,,,,,,,452,9202,355,36810,,,,-623173,-2527472,-1175,37019,,,,-166,-2534,-149,-18668,,,,10,314,-165,10018,,,,-40180394,-31880157,-10740782,2203,,,,,,,
,,,,,,,,460,9661,393,29263,,,,-784130,5214,-1023,27748,,,,-136,-1092,-168,-17159,,,,-294,-129,-51,7120,,,,-43992037,-67773,-6471096,-7008,,,,,,,
,,,,,,,,409,9367,309,38172,,,,-448594,527,-357187,38699,,,,-193,-2533,-113,-21258,,,,26,447,-69,9683,,,,-27458552,-5670558,-4349551,46308,,,,,,,
,,,,,,,,470,9682,258,37317,,,,-200224,-242872,-6669,32378,,,,-85,-2049,-160,-22870,,,,-364,233,-53,10474,,,,-48120523,-11753527,-511405,26052,,,,,,,
,,,,,,,,427,10515,268,39005,,,,-2950422,-96895,-7622,33088,,,,-170,-2805,-213,-26088,,,,28,-430,-42,-4857,,,,-54946002,-7980292,-23332,31741,,,,,,,
,,,,,,,,422,10383,294,36269,,,,-299279,-241311,-8710,34750,,,,-121,-2382,-140,-25001,,,,-301,-514,-40,12628,,,,-48205380,-11625343,-1276063,35023,,,,,,,
,,,,,,,,395,9044,324,39498,,,,-200276,-433524,-734,28241,,,,-171,-2133,-56,-22762,,,,16,-330,-6,9273,,,,-53851869,-41663052,-5454011,22335,,,,,,,
,,,,,,,,413,8324,313,30315,,,,-481144,-308443,-333,33693,,,,-133,-2681,8,-21542,,,,28,89,-96,10763,,,,-48820302,-11702545,-2018,37340,,,,,,,
,,,,,,,,419,9077,197,23066,,,,-208660,-164662,-311,25222,,,,-112,-1580,-134,-19924,,,,-3,-72,3,6679,,,,-46843871,-11526102,-1519,31046,,,,,,,
,,,,,,,,490,8035,184,24202,,,,-207016,-162471,-444,26482,,,,-19,-2605,-81,-21588,,,,-7,141,-77,9388,,,,-49800595,-11895195,-1098,31385,,,,,,,
,,,,,,,,377,8841,152,34609,,,,-208977,-170384,-473,34158,,,,-146,-2913,-269,-24755,,,,-2,-118,23,10190,,,,-50582619,-6462184,-2892,7561,,,,,,,
,,,,,,,,450,10593,237,60275,,,,-213145,-171395,-546,49726,,,,-62,-2717,-203,-41601,,,,1,-447,-30,20360,,,,-45493761,-12794606,-3788,-68868,,,,,,,
,,,,,,,,409,13427,236,59171,,,,-214280,-178161,-551,29892,,,,-129,-2352,-221,-41810,,,,21,-946,-9,18355,,,,-34628007,-7943306,-3765,-68089,,,,,,,
,,,,,,,,397,12861,190,39842,,,,-220667,-195476,-837,34570,,,,-127,-2426,-255,-34519,,,,9,-1177,29,17166,,,,-31484813,-4610049,-4223,37817,,,,,,,
,,,,,,,,404,13079,191,36171,,,,-258675,-236853,-652,31425,,,,-100,-1709,-248,-33645,,,,-10,-1134,19,15664,,,,-60563137,-7458521,-2335,33823,,,,,,,
,,,,,,,,428,12807,196,34314,,,,-254798,-181244,-406,32346,,,,-85,-2007,-225,-30987,,,,0,-1241,19,15027,,,,-55680379,-10368456,-3298,30307,,,,,,,
,,,,,,,,379,12096,258,35075,,,,-216292,-161400,-434,33932,,,,-155,-3407,-196,-32160,,,,4,-152,12,17070,,,,-58889763,-9575037,-3640,16829,,,,,,,
,,,,,,,,403,12197,169,31623,,,,-215469,-181148,-668,29729,,,,-96,-2746,-210,-30499,,,,10,-186,-38,15625,,,,-54521561,-2634893,-2030,13343,,,,,,,
,,,,,,,,377,11794,194,29653,,,,-215899,-196522,-360,27522,,,,-157,-3720,-194,-29663,,,,30,113,-31,14985,,,,-31958514,-3310971,-4576,-11372,,,,,,,
,,,,,,,,390,7524,160,32804,,,,-211651,819,-500,30322,,,,-90,-2496,-146,-25087,,,,16,203,13,9492,,,,-54969456,-5350961,-3166,24516,,,,,,,
,,,,,,,,403,6935,245,23743,,,,-371438,-501,-1204,22151,,,,-101,-3774,-78,-23333,,,,2,14,18,9724,,,,-47524912,-10680435,-2380,-18858,,,,,,,
,,,,,,,,354,6672,170,18967,,,,-370859,-97,-1208,17265,,,,-129,-3644,-122,-22010,,,,-12,363,37,8474,,,,-52624820,-5749255,-3280,2180,,,,,,,
,,,,,,,,388,5677,160,17049,,,,-393675,-1783,-1383,14546,,,,-136,-3595,-78,-17366,,,,26,511,-93,7042,,,,-51456399,-5118518,-2612,2859,,,,,,,
,,,,,,,,384,5589,155,16904,,,,-380978,-3911,-851,13440,,,,-99,-3505,-89,-15855,,,,6,614,-66,7368,,,,-47716147,-9362431,-1771,10881,,,,,,,
,,,,,,,,330,5626,156,14755,,,,-18013064,-4467101,-527,9554,,,,-164,-3119,-85,-15820,,,,13,251,-3,6380,,,,-63201382,-780070,-4364,-10234,,,,,,,
,,,,,,,,323,8258,225,30365,,,,-419234,-2726,-1086,29912,,,,-163,-2898,-88,-28383,,,,10,177,17,14327,,,,-53877230,-210486,-757,34126,,,,,,,
,,,,,,,,356,7035,167,23462,,,,-384977,-2698,-324,20483,,,,-120,-4177,-143,-23763,,,,-19,-72,-23,10410,,,,-45859445,-5718719,-2274,87,,,,,,,
,,,,,,,,357,8260,144,22488,,,,-372681,-1122,-535,20940,,,,-103,-2943,-151,-24142,,,,4,-436,-27,10569,,,,-38477714,-5673862,-1133,3193,,,,,,,
,,,,,,,,349,7400,163,20654,,,,-337840,-85,-472,17757,,,,-101,-3911,-121,-23896,,,,-4,216,-30,9865,,,,-33634508,-447456,-1199,11251,,,,,,,
,,,,,,,,364,7201,157,18543,,,,-417760,-4265,-1401,14341,,,,-116,-2695,-109,-20621,,,,13,-77,22,9913,,,,-28110712,-6652962,-10079,-6928,,,,,,,
,,,,,,,,356,6645,150,15057,,,,-346549,-2145,-579,14951,,,,-98,-3105,-120,-19114,,,,-11,-72,-10,8635,,,,-38766722,-5276628,-3803,-4271,,,,,,,
,,,,,,,,375,6361,117,16805,,,,-339751,-3068,-1292,14480,,,,-85,-3440,-146,-18875,,,,13,-13,2,8652,,,,-49149314,-6352329,-4230,-29586,,,,,,,
,,,,,,,,342,5550,149,17118,,,,-337122,-1898,-980,14749,,,,-102,-2955,-107,-17150,,,,-20,341,1,7545,,,,-29852240,-5429510,-4864,-134999,,,,,,,
,,,,,,,,328,4040,0,0,,,,-333007,-1668,0,0,,,,-112,-2390,0,0,,,,1,272,0,0,,,,-27101875,-5363913,0,0,,,,,,,
,,,,,,,,,,,,,,,,,,,,,,,,,,,,,,,,,,,,,,,-250790.558139535,,,,,,,
,'00 Muon,,,,,,,'01 Muon,,,,,,,'11 Muon,,,,,,,'00_tachyon,,,,,,,'01_tachyon,,,,,,,'11_tachyon,,,,,,,,,,
64x64,fl_pl=,0,,,,,,fl_pl=,0,,,,,,fl_pl=,1,,,,,,fl_pl=,0,,,,,,fl_pl=,0,,,,,,fl_pl=,1,,,,,,,,,
,mode1:,,,,,,,mode1:,,,,,,,mode1:,,,,,,,mode1:,,,,,,,mode1:,,,,,,,mode1:,,,,,,,,,,
,set up=,1425705,,,,,,set up=,4986836,,,,,,set up=,18739480,,,,,,set up=,3475134,,,,,,set up=,6500318,,,,,,set up=,41504087,-40078382,,,,,,,,
,mode1_loop,,,,,,,mode1_loop,,,,,,,mode1_loop,,,,,,,mode1_loop,,,,,,,mode1_loop,,,,,,,mode1_loop,,,,,,,,,,
,nds_td0 and nds_td_rem set up,indipendent set search,sum[i] calculation,star_to_mesh,nodes,,,nds_td0 and nds_td_rem set up,indipendent set search,sum[i] calculation,star_to_mesh,nodes,,,nds_td0 and nds_td_rem set up,indipendent set search,sum[i] calculation,star_to_mesh,nodes,,,nds_td0 and nds_td_rem set up,indipendent set search,sum[i] calculation,star_to_mesh,nodes,,,nds_td0 and nds_td_rem set up,indipendent set search,sum[i] calculation,star_to_mesh,nodes,,,nds_td0 and nds_td_rem set up,indipendent set search,sum[i] calculation,star_to_mesh,nodes,,,,,,
,18987,28461,8048,66189,1692,,,16803,29445,9606,77658,1692,,,124516,53410462,43555,89229,1692,,,47109,175711,26695,269173,1692,,,86660,300133,47106,490204,1692,,,18494081,18927611214,10928998,10813070,1692,,,,,,
,5934,35117,4690,67511,1157,,,6562,35337,5549,91025,1157,,,16952,236005150,5279,32136,1157,,,15312,155169,17732,286533,1157,,,27516,288005,33750,542704,1157,,,20390373,12997117431,5789952,10926027,1157,,,,,,
,5191,56996,5839,96088,709,,,5581,53949,5173,86687,709,,,5351,1588633,3016,24354,709,,,12603,166618,16320,372288,709,,,23826,338974,34760,479230,709,,,22185927,7895697357,11158160,10824456,709,,,,,,
,4909,53637,3842,124228,445,,,4809,53136,3782,119603,445,,,5175,972677,2450,22135,445,,,11190,168624,12383,458805,445,,,10919,164316,11911,401430,445,,,21309647,5067419740,5615089,16132877,445,,,,,,
,4243,56135,3528,144402,341,,,4307,56561,3937,141467,341,,,4888,689706,2817,20547,341,,,10687,173544,10990,499810,341,,,10500,168806,10645,442024,341,,,22158040,3432289161,11774759,16239448,341,,,,,,
,4283,52791,3140,157089,262,,,4279,52729,3353,314413,262,,,5122,9909263,2555,18904,262,,,10421,165900,9742,492765,262,,,10468,160819,9346,427869,262,,,16341821,1975098920,10841884,10752603,262,,,,,,
,3880,51424,2550,149406,202,,,16075,212348,9988,512892,202,,,5064,1436106,2620,20494,202,,,10337,160657,8275,507435,202,,,10021,158778,8357,439057,202,,,27939377,1102128196,15972274,5655119,202,,,,,,
,4039,49323,2189,144709,170,,,12020,150348,7255,428694,170,,,5238,3546187,2808,20065,170,,,10159,153331,7012,487495,170,,,9914,148168,7241,430136,170,,,21911945,882712743,11013403,11467115,170,,,,,,
,3552,49586,2060,183544,145,,,10374,144424,6161,484959,145,,,5227,4704647,2373,27992,145,,,9946,154046,6611,592860,145,,,9753,151550,6277,529052,145,,,27541928,712291211,15918037,5412494,145,,,,,,
,4003,48600,1767,159813,113,,,10774,130003,5034,432516,113,,,5126,62702702,8833558,7749292,113,,,7495,101529,3462,367622,113,,,9827,146941,5132,477859,113,,,26890848,542269500,11603501,10632532,113,,,,,,
,3472,49671,1434,175127,89,,,8778,134443,4040,439270,89,,,17383976,8657128,220885,58431,89,,,6776,115759,2856,380236,89,,,9193,156656,4561,527229,89,,,26140615,183339966,16119584,10952643,89,,,,,,
,3826,48788,1490,159623,90,,,8694,113438,3578,363519,90,,,4881,18621980,359304,42107,90,,,6675,92314,2666,343985,90,,,9633,146763,4475,483085,90,,,26295078,374154853,36995263,8836261,90,,,,,,
,3410,47152,1283,155708,79,,,7516,103194,3107,337854,79,,,4865,21775968,2402,34976,79,,,6458,89447,2370,332821,79,,,9254,146187,4056,495022,79,,,22117469,310426661,10076736,158008,79,,,,,,
,3733,46710,1108,172055,65,,,8054,101683,2482,353082,65,,,5272,20422940,2484,4545828,65,,,6287,88108,2095,365272,65,,,8534,139146,3568,514612,65,,,20837621,159385515,6897887,210272,65,,,,,,
,3307,48780,1099,181125,59,,,6917,99944,2197,346093,59,,,12755536,3013417,250670,4486934,59,,,6412,93011,2029,385963,59,,,8990,144663,3394,545017,59,,,26044549,56597164,11129294,15146962,59,,,,,,
,3700,50095,963,202925,49,,,6725,91413,1781,359409,49,,,4337053,717200,5894821,204319,49,,,6691,96748,1968,480507,49,,,9147,152320,3043,600865,49,,,20562387,38270632,8182544,570887,49,,,,,,
,3366,52062,935,184790,47,,,6180,92823,1637,313974,47,,,5161,1835569,5648196,54404,47,,,7042,107669,2074,462799,47,,,9187,153955,3039,580960,47,,,25785297,169448590,21141201,510104,47,,,,,,
,3700,50725,850,186829,43,,,6023,86293,1523,304349,43,,,5211,409991,220708,77604,43,,,6860,107967,2039,439061,43,,,8921,151747,3003,587038,43,,,32088140,25555825,19764154,270992,43,,,,,,
,3344,48645,766,169153,37,,,5345,77674,1282,277547,37,,,4639,581183,2415,38346,37,,,7035,93513,1776,390732,37,,,9215,147926,2970,539088,37,,,36670626,36453345,5320363,394203,37,,,,,,
,3523,48029,747,183757,34,,,5199,71305,1122,269253,34,,,4926,715146,10380716,11599159,34,,,6898,91781,1662,407310,34,,,8986,144134,2624,556809,34,,,25099043,40264608,5425062,511856,34,,,,,,
,3267,45528,747,166214,35,,,4659,64974,1070,237585,35,,,17469959,5506678,335113,47559,35,,,6754,87968,1854,384527,35,,,9057,136101,2501,523950,35,,,32328075,49240717,6164171,299646,35,,,,,,
,2556,59884,777,194050,29,,,4969,71748,997,255107,29,,,4699,325018,12586605,8730829,29,,,6334,97347,1557,443437,29,,,8688,154352,2633,592505,29,,,41779798,3868797,5670266,340506,29,,,,,,
,2673,52836,763,197312,25,,,4288,67773,842,252990,25,,,2867905,978108,174991,110318,25,,,6630,102491,2209,537789,25,,,9519,157794,2460,652358,25,,,27087527,10241027,3829078,273511,25,,,,,,
,2722,50879,660,179544,24,,,4395,62592,736,213733,24,,,37030,433795,170730,99486,24,,,6976,107066,1624,467762,24,,,8393,151953,2573,571950,24,,,27861887,3810637,3661677,242913,24,,,,,,
,2615,52809,699,180389,26,,,4042,64596,810,214677,26,,,41448,398813,192048,61161,26,,,7397,109423,1550,429336,26,,,9371,156164,2314,580242,26,,,27395704,8991574,5306657,141773,26,,,,,,
,2729,52898,724,245147,21,,,3880,59611,674,245222,21,,,1208243,553782,143600,98956,21,,,6829,104266,1459,545656,21,,,9437,160919,2226,724832,21,,,32899697,9068228,386395,299428,21,,,,,,
,2648,55041,812,212078,20,,,3611,60243,648,213334,20,,,70514,421623,143595,80459,20,,,6441,108168,1473,494026,20,,,8337,168075,2267,658569,20,,,26959431,8831154,7202546,236755,20,,,,,,
,2708,50666,607,182535,21,,,3795,55630,625,177524,21,,,87939,369346,152360,40142,21,,,6408,99376,1404,411515,21,,,8564,153258,2207,552690,21,,,42175149,9965179,436139,159309,21,,,,,,
,2582,54900,638,206410,19,,,3222,55049,577,215586,19,,,69317,361903,131892,40464,19,,,6527,107165,1385,529840,19,,,8568,166992,2291,640893,19,,,32205713,10846537,334228,155477,19,,,,,,
,2687,55674,615,248380,15,,,3441,57997,563,233245,15,,,21212747,5340645,123503,88382,15,,,6916,119747,1523,611460,15,,,8811,171028,2093,756580,15,,,29817900,9171851,258712,168019,15,,,,,,
,2590,60936,853,360057,15,,,3274,61019,578,347776,15,,,174355,721372,142983,247594,15,,,6760,140161,1415,791481,15,,,8944,190670,2211,1081991,15,,,35968337,3877355,244273,841803,15,,,,,,
,2655,64240,702,308642,15,,,3520,64610,606,287178,15,,,13133243,5345887,151417,160446,15,,,6637,129199,1772,667634,15,,,8702,198670,2442,919970,15,,,23238531,14733724,8668855,635344,15,,,,,,
,2564,50480,564,177696,15,,,3227,51559,509,169964,15,,,178659,466316,124700,40666,15,,,6620,101062,1317,408586,15,,,8558,155171,2030,550925,15,,,33348152,13950413,4545169,163490,15,,,,,,
,2597,61551,653,244865,14,,,3371,60672,541,244124,14,,,956548,742831,129651,105464,14,,,6735,124202,1353,576911,14,,,9065,191364,2127,718384,14,,,33564594,14939348,3183081,364174,14,,,,,,
,2586,67568,740,224859,13,,,3182,54939,521,240718,13,,,194185,496144,83552,194027,13,,,7082,120666,1435,579346,13,,,8410,170901,2045,699303,13,,,28758279,14505441,3642145,574684,13,,,,,,
,2599,58064,653,201177,13,,,3436,60325,495,185267,13,,,20625287,5070149,73187,129239,13,,,6851,127039,1387,488401,13,,,8498,182995,1979,636462,13,,,30982147,17877492,5237031,438438,13,,,,,,
,2523,56064,539,185339,13,,,3188,56892,512,167926,13,,,21846574,635966,221787,96720,13,,,6655,113855,1329,439619,13,,,8346,180186,1978,589494,13,,,29890756,15078211,1924992,221701,13,,,,,,
,2617,48801,613,177177,18,,,3346,49114,511,161178,18,,,17621715,4915053,138846,60406,18,,,6530,105693,1206,408263,18,,,8656,156336,1923,536936,18,,,43966059,21717747,9194812,273327,18,,,,,,
,2486,60067,762,240400,17,,,3089,60170,543,231620,17,,,105923,634107,167642,58037,17,,,6691,126882,1487,572831,17,,,9050,194831,2563,748940,17,,,38547945,31940923,9268274,467134,17,,,,,,
,2614,53964,558,277714,14,,,3364,55262,476,265255,14,,,17554063,4862386,89505,175984,14,,,6555,114672,1246,673721,14,,,8686,175328,1983,833708,14,,,35503139,26512366,5432738,709261,14,,,,,,
,2509,48926,545,199440,14,,,3133,49633,476,195719,14,,,136770,338818,90607,45639,14,,,6683,114037,1205,505183,14,,,8280,160430,1710,602070,14,,,37802692,21247360,5384738,229665,14,,,,,,
,2561,51348,583,223975,14,,,3298,52485,492,251208,14,,,139439,422290,65095,59366,14,,,6858,130359,1203,520132,14,,,8552,169778,1973,678611,14,,,35591565,21795722,192104,199783,14,,,,,,
,2511,58385,606,246552,14,,,3102,62577,504,232857,14,,,138717,424650,90900,107201,14,,,6450,124447,1290,578567,14,,,8588,193052,1871,769589,14,,,34463646,8671140,3733708,388996,14,,,,,,
,2577,54509,648,210664,13,,,3315,54868,483,189726,13,,,135622,485229,74939,67497,13,,,6596,119188,1239,489991,13,,,8518,185310,2069,643408,13,,,28713538,15183138,241564,275228,13,,,,,,
,2477,57534,570,200329,13,,,3077,57699,446,194389,13,,,1146258,472645,75688,62748,13,,,6480,121495,1213,484459,13,,,8563,202557,1957,633770,13,,,31189998,9293162,2667228,344282,13,,,,,,
,2560,51663,647,258520,11,,,3284,52279,464,248281,11,,,139621,405713,26546,117182,11,,,6443,132274,1262,639777,11,,,8538,168418,1814,778804,11,,,36978702,11044187,58922,512256,11,,,,,,
,2471,46821,403,250721,8,,,3095,47948,406,238385,8,,,165124,341376,41571,159306,8,,,6665,110081,1037,613657,8,,,8310,156415,1441,749447,8,,,30693596,14930951,187732,562781,8,,,,,,
,2504,49917,475,348182,8,,,3233,48931,340,172729,8,,,21380001,5338143,51711,90066,8,,,6466,105326,906,451134,8,,,8363,162309,1389,594919,8,,,32638255,8499280,102779,316156,8,,,,,,
,3580,51059,337,176691,7,,,3031,46984,328,160421,7,,,20336834,4772496,979854,65305,7,,,6297,101381,885,412296,7,,,8361,158627,1440,551504,7,,,33528708,2393727,175132,466331,7,,,,,,
,3517,46706,338,161604,7,,,3167,46587,282,146280,7,,,207832,626367,56659,51303,7,,,6384,102107,880,397121,7,,,8326,157633,1354,523318,7,,,32509152,3388010,149611,233523,7,,,,,,
,,,,,,,,,,,,,,,,,,,,,,,,,,,,,,,,,,,,,,,,,,,,,,
,,,,,,,,2184,-984,-1558,-11469,,,,-105529,-53382001,-35507,-23040,,,,,,,,,,,-39551,-124422,-20411,-221031,,,,-18446972,-18927435503,-10902303,-10543897,,,,,,,
,,,,,,,,-628,-220,-859,-23514,,,,-11018,-235970033,-589,35375,,,,,,,,,,,-12204,-132836,-16018,-256171,,,,-20375061,-12996962262,-5772220,-10639494,,,,,,,
,,,,,,,,-390,3047,666,9401,,,,-160,-1531637,2823,71734,,,,,,,,,,,-11223,-172356,-18440,-106942,,,,-22173324,-7895530739,-11141840,-10452168,,,,,,,
,,,,,,,,100,501,60,4625,,,,-266,-919040,1392,102093,,,,,,,,,,,271,4308,472,57375,,,,-21298457,-5067251116,-5602706,-15674072,,,,,,,
,,,,,,,,-64,-426,-409,2935,,,,-645,-633571,711,123855,,,,,,,,,,,187,4738,345,57786,,,,-22147353,-3432115617,-11763769,-15739638,,,,,,,
,,,,,,,,4,62,-213,-157324,,,,-839,-9856472,585,138185,,,,,,,,,,,-47,5081,396,64896,,,,-16331400,-1974933020,-10832142,-10259838,,,,,,,
,,,,,,,,-12195,-160924,-7438,-363486,,,,-1184,-1384682,-70,128912,,,,,,,,,,,316,1879,-82,68378,,,,-27929040,-1101967539,-15963999,-5147684,,,,,,,
,,,,,,,,-7981,-101025,-5066,-283985,,,,-1199,-3496864,-619,124644,,,,,,,,,,,245,5163,-229,57359,,,,-21901786,-882559412,-11006391,-10979620,,,,,,,
,,,,,,,,-6822,-94838,-4101,-301415,,,,-1675,-4655061,-313,155552,,,,,,,,,,,193,2496,334,63808,,,,-27531982,-712137165,-15911426,-4819634,,,,,,,
,,,,,,,,-6771,-81403,-3267,-272703,,,,-1123,-62654102,-8831791,-7589479,,,,,,,,,,,-2332,-45412,-1670,-110237,,,,-26883353,-542167971,-11600039,-10264910,,,,,,,
,,,,,,,,-5306,-84772,-2606,-264143,,,,-17380504,-8607457,-219451,116696,,,,,,,,,,,-2417,-40897,-1705,-146993,,,,-26133839,-183224207,-16116728,-10572407,,,,,,,
,,,,,,,,-4868,-64650,-2088,-203896,,,,-1055,-18573192,-357814,117516,,,,,,,,,,,-2958,-54449,-1809,-139100,,,,-26288403,-374062539,-36992597,-8492276,,,,,,,
,,,,,,,,-4106,-56042,-1824,-182146,,,,-1455,-21728816,-1119,120732,,,,,,,,,,,-2796,-56740,-1686,-162201,,,,-22111011,-310337214,-10074366,174813,,,,,,,
,,,,,,,,-4321,-54973,-1374,-181027,,,,-1539,-20376230,-1376,-4373773,,,,,,,,,,,-2247,-51038,-1473,-149340,,,,-20831334,-159297407,-6895792,155000,,,,,,,
,,,,,,,,-3610,-51164,-1098,-164968,,,,-12752229,-2964637,-249571,-4305809,,,,,,,,,,,-2578,-51652,-1365,-159054,,,,-26038137,-56504153,-11127265,-14760999,,,,,,,
,,,,,,,,-3025,-41318,-818,-156484,,,,-4333353,-667105,-5893858,-1394,,,,,,,,,,,-2456,-55572,-1075,-120358,,,,-20555696,-38173884,-8180576,-90380,,,,,,,
,,,,,,,,-2814,-40761,-702,-129184,,,,-1795,-1783507,-5647261,130386,,,,,,,,,,,-2145,-46286,-965,-118161,,,,-25778255,-169340921,-21139127,-47305,,,,,,,
,,,,,,,,-2323,-35568,-673,-117520,,,,-1511,-359266,-219858,109225,,,,,,,,,,,-2061,-43780,-964,-147977,,,,-32081280,-25447858,-19762115,168069,,,,,,,
,,,,,,,,-2001,-29029,-516,-108394,,,,-1295,-532538,-1649,130807,,,,,,,,,,,-2180,-54413,-1194,-148356,,,,-36663591,-36359832,-5318587,-3471,,,,,,,
,,,,,,,,-1676,-23276,-375,-85496,,,,-1403,-667117,-10379969,-11415402,,,,,,,,,,,-2088,-52353,-962,-149499,,,,-25092145,-40172827,-5423400,-104546,,,,,,,
,,,,,,,,-1392,-19446,-323,-71371,,,,-17466692,-5461150,-334366,118655,,,,,,,,,,,-2303,-48133,-647,-139423,,,,-32321321,-49152749,-6162317,84881,,,,,,,
,,,,,,,,-2413,-11864,-220,-61057,,,,-2143,-265134,-12585828,-8536779,,,,,,,,,,,-2354,-57005,-1076,-149068,,,,-41773464,-3771450,-5668709,102931,,,,,,,
,,,,,,,,-1615,-14937,-79,-55678,,,,-2865232,-925272,-174228,86994,,,,,,,,,,,-2889,-55303,-251,-114569,,,,-27080897,-10138536,-3826869,264278,,,,,,,
,,,,,,,,-1673,-11713,-76,-34189,,,,-34308,-382916,-170070,80058,,,,,,,,,,,-1417,-44887,-949,-104188,,,,-27854911,-3703571,-3660053,224849,,,,,,,
,,,,,,,,-1427,-11787,-111,-34288,,,,-38833,-346004,-191349,119228,,,,,,,,,,,-1974,-46741,-764,-150906,,,,-27388307,-8882151,-5305107,287563,,,,,,,
,,,,,,,,-1151,-6713,50,-75,,,,-1205514,-500884,-142876,146191,,,,,,,,,,,-2608,-56653,-767,-179176,,,,-32892868,-8963962,-384936,246228,,,,,,,
,,,,,,,,-963,-5202,164,-1256,,,,-67866,-366582,-142783,131619,,,,,,,,,,,-1896,-59907,-794,-164543,,,,-26952990,-8722986,-7201073,257271,,,,,,,
,,,,,,,,-1087,-4964,-18,5011,,,,-85231,-318680,-151753,142393,,,,,,,,,,,-2156,-53882,-803,-141175,,,,-42168741,-9865803,-434735,252206,,,,,,,
,,,,,,,,-640,-149,61,-9176,,,,-66735,-307003,-131254,165946,,,,,,,,,,,-2041,-59827,-906,-111053,,,,-32199186,-10739372,-332843,374363,,,,,,,
,,,,,,,,-754,-2323,52,15135,,,,-21210060,-5284971,-122888,159998,,,,,,,,,,,-1895,-51281,-570,-145120,,,,-29810984,-9052104,-257189,443441,,,,,,,
,,,,,,,,-684,-83,275,12281,,,,-171765,-660436,-142130,112463,,,,,,,,,,,-2184,-50509,-796,-290510,,,,-35961577,-3737194,-242858,-50322,,,,,,,
,,,,,,,,-865,-370,96,21464,,,,-13130588,-5281647,-150715,148196,,,,,,,,,,,-2065,-69471,-670,-252336,,,,-23231894,-14604525,-8667083,32290,,,,,,,
,,,,,,,,-663,-1079,55,7732,,,,-176095,-415836,-124136,137030,,,,,,,,,,,-1938,-54109,-713,-142339,,,,-33341532,-13849351,-4543852,245096,,,,,,,
,,,,,,,,-774,879,112,741,,,,-953951,-681280,-128998,139401,,,,,,,,,,,-2330,-67162,-774,-141473,,,,-33557859,-14815146,-3181728,212737,,,,,,,
,,,,,,,,-596,12629,219,-15859,,,,-191599,-428576,-82812,30832,,,,,,,,,,,-1328,-50235,-610,-119957,,,,-28751197,-14384775,-3640710,4662,,,,,,,
,,,,,,,,-837,-2261,158,15910,,,,-20622688,-5012085,-72534,71938,,,,,,,,,,,-1647,-55956,-592,-148061,,,,-30975296,-17750453,-5235644,49963,,,,,,,
,,,,,,,,-665,-828,27,17413,,,,-21844051,-579902,-221248,88619,,,,,,,,,,,-1691,-66331,-649,-149875,,,,-29884101,-14964356,-1923663,217918,,,,,,,
,,,,,,,,-729,-313,102,15999,,,,-17619098,-4866252,-138233,116771,,,,,,,,,,,-2126,-50643,-717,-128673,,,,-43959529,-21612054,-9193606,134936,,,,,,,
,,,,,,,,-603,-103,219,8780,,,,-103437,-574040,-166880,182363,,,,,,,,,,,-2359,-67949,-1076,-176109,,,,-38541254,-31814041,-9266787,105697,,,,,,,
,,,,,,,,-750,-1298,82,12459,,,,-17551449,-4808422,-88947,101730,,,,,,,,,,,-2131,-60656,-737,-159987,,,,-35496584,-26397694,-5431492,-35540,,,,,,,
,,,,,,,,-624,-707,69,3721,,,,-134261,-289892,-90062,153801,,,,,,,,,,,-1597,-46393,-505,-96887,,,,-37796009,-21133323,-5383533,275518,,,,,,,
,,,,,,,,-737,-1137,91,-27233,,,,-136878,-370942,-64512,164609,,,,,,,,,,,-1694,-39419,-770,-158479,,,,-35584707,-21665363,-190901,320349,,,,,,,
,,,,,,,,-591,-4192,102,13695,,,,-136206,-366265,-90294,139351,,,,,,,,,,,-2138,-68605,-581,-191022,,,,-34457196,-8546693,-3732418,189571,,,,,,,
,,,,,,,,-738,-359,165,20938,,,,-133045,-430720,-74291,143167,,,,,,,,,,,-1922,-66122,-830,-153417,,,,-28706942,-15063950,-240325,214763,,,,,,,
,,,,,,,,-600,-165,124,5940,,,,-1143781,-415111,-75118,137581,,,,,,,,,,,-2083,-81062,-744,-149311,,,,-31183518,-9171667,-2666015,140177,,,,,,,
,,,,,,,,-724,-616,183,10239,,,,-137061,-354050,-25899,141338,,,,,,,,,,,-2095,-36144,-552,-139027,,,,-36972259,-10911913,-57660,127521,,,,,,,
,,,,,,,,-624,-1127,-3,12336,,,,-162653,-294555,-41168,91415,,,,,,,,,,,-1645,-46334,-404,-135790,,,,-30686931,-14820870,-186695,50876,,,,,,,
,,,,,,,,-729,986,135,175453,,,,-21377497,-5288226,-51236,258116,,,,,,,,,,,-1897,-56983,-483,-143785,,,,-32631789,-8393954,-101873,134978,,,,,,,
,,,,,,,,549,4075,9,16270,,,,-20333254,-4721437,-979517,111386,,,,,,,,,,,-2064,-57246,-555,-139208,,,,-33522411,-2292346,-174247,-54035,,,,,,,
,,,,,,,,350,119,56,15324,,,,-204315,-579661,-56321,110301,,,,,,,,,,,-1942,-55526,-474,-126197,,,,-32502768,-3285903,-148731,163598,,,,,,,
,,,,,,,,,,,-57870.68,,,,,,,-618169.48,,,,,,,,,,,,,,,,,,,,,-2661513.86,,,,,,,
,,,,,,,,,,,,,,,,,,,,,,,,,,,,,,,,,,,,,,,,,,,,,,
,'00 Muon,,,,,,,'01 Muon,,,,,,,'11 Muon,,,,,,,'00_tachyon,,,,,,,'01_tachyon,,,,,,,'11_tachyon,,,,,,,,,,
128x128,fl_pl=,0,,,,,,fl_pl=,0,,,,,,fl_pl=,1,,,,,,fl_pl=,0,,,,,,fl_pl=,0,,,,,,fl_pl=,1,,,,,fl_pl=,1,,,
,mode1:,,,,,,,mode1:,,,,,,,mode1:,,,,,,,mode1:,,,,,,,mode1:,,,,,,,mode1:,,,,,,mode1:,,,,
,set up=,5881830,,,,,,set up=,5745576,,,,,,set up=,25731261,,,,,,set up=,19911971,,,,,,set up=,19705963,,,,,,set up=,39530058,-33648228,,,,set up=,41457975,,,
,mode1_loop,,,,,,,mode1_loop,,,,,,,mode1_loop,,,,,,,mode1_loop,,,,,,,mode1_loop,,,,,,,mode1_loop,,,,,,mode1_loop,,,,
,nds_td0 and nds_td_rem set up,indipendent set search,sum[i] calculation,star_to_mesh,nodes,,,nds_td0 and nds_td_rem set up,indipendent set search,sum[i] calculation,star_to_mesh,nodes,,,nds_td0 and nds_td_rem set up,indipendent set search,sum[i] calculation,star_to_mesh,nodes,,,nds_td0 and nds_td_rem set up,indipendent set search,sum[i] calculation,star_to_mesh,nodes,,,nds_td0 and nds_td_rem set up,indipendent set search,sum[i] calculation,star_to_mesh,nodes,,,nds_td0 and nds_td_rem set up,indipendent set search,sum[i] calculation,star_to_mesh,nodes,,nds_td0 and nds_td_rem set up,indipendent set search,sum[i] calculation,star_to_mesh,nodes
,77069,285058,74064,653204,6714,,,105406,327588,80473,676318,6714,,,18543793,5675491791,27616,129787,6714,,,220269,1473935,248834,1803444,6714,,,212942,1387619,210233,1691694,6714,,,26181776,75173163955,11065733,11001224,6714,,22755780,73805937087,11364853,12578108,6714
,24216,262465,46751,533143,4594,,,35752,368372,76160,694107,4594,,,8506,9533312,8635,105569,4594,,,57520,911134,131117,1587270,4594,,,60097,876234,119964,1475298,4594,,,22259746,51257243200,10929184,13405368,4594,,22451678,50600787275,17295028,11191303,4594
,16263,347799,35214,505373,2818,,,31614,615374,65981,851968,2818,,,7432,5873827,5161,85173,2818,,,46195,761488,90443,1556996,2818,,,48171,761251,95021,1487257,2818,,,18121964,31374933423,10720090,11735656,2818,,22022918,31248878641,10773707,10940926,2818
,15084,286779,23467,597521,1781,,,32245,584507,45509,1093169,1781,,,257168,4070829,3675,72942,1781,,,42961,766760,67898,1813165,1781,,,44103,799236,70427,1720459,1781,,,19992259,19863369658,5814169,10941468,1781,,18862707,19642220444,15650430,10831825,1781
,14289,307524,19960,677493,1372,,,29511,515630,33214,1085018,1372,,,8106,2643770,3519,76560,1372,,,40863,779784,61122,2033753,1372,,,43395,784894,60571,1890054,1372,,,20233438,13387869504,16354848,6188207,1372,,15863473,13199795905,10645581,10812906,1372
,13830,290716,16201,700193,1028,,,21650,447788,25049,957465,1028,,,7904,4119085,3531,69302,1028,,,40072,800830,56491,2124299,1028,,,41549,776780,53731,1927224,1028,,,20217653,7335089928,12007997,11289499,1028,,20093160,7266077944,10331342,10836526,1028
,13443,278169,14291,683819,830,,,17926,372755,17761,827097,830,,,7621,3608827,17650,114020,830,,,38657,766824,47589,2106165,830,,,41457,765661,48089,1920589,830,,,20750113,4797821880,11864290,11292991,830,,19932395,4860613800,10703641,10874030,830
,13160,271419,12326,700578,678,,,15543,323449,13307,715294,678,,,7809,31423605,4363,177674,678,,,38195,759323,41930,2149580,678,,,39622,767867,41671,1932034,678,,,25756647,3289735314,10272018,10956058,678,,20830860,3096977575,9681586,10779709,678
,12929,270153,13072,886490,579,,,13291,333401,11961,927212,579,,,6157,104171480,7396,150156,579,,,37087,762198,38604,2873143,579,,,39511,755188,38263,2633910,579,,,20727963,2765271838,10367965,10895427,579,,19742249,2580066040,5714486,10524143,579
,12854,259874,12930,727021,469,,,12964,263759,11904,737297,469,,,9458,26533484,5972,127405,469,,,36958,743986,32553,2317374,469,,,38876,748098,32782,2078805,469,,,16027352,2288484839,5448611,11105184,469,,20243973,1883183072,11327563,12772459,469
,12704,255381,9753,743316,415,,,12743,254246,10946,751489,415,,,6696,80692658,6430,174566,415,,,36202,735379,32190,2378077,415,,,38262,737856,30719,2120678,415,,,26239687,1954727766,21044385,21475506,415,,20510187,1578917619,10473225,10779229,415
,12409,245812,8577,735752,345,,,12534,249158,10343,781286,345,,,6836,95754604,5355,183013,345,,,36887,723295,27097,2441367,345,,,38557,716561,27340,2180377,345,,,41703254,1352643136,14434651,10753772,345,,20354132,965122496,13673282,6141639,345
,11848,254069,9672,793260,303,,,12262,249448,8947,804268,303,,,6407,31943195,380336,311094,303,,,35639,736077,24786,2722048,303,,,37844,730132,25669,2458796,303,,,25805943,1015548225,21804681,11241334,303,,20244286,1025969546,17496314,11305252,303
,12265,260203,7215,822679,270,,,14431,264341,7959,836590,270,,,9086,20049902,372909,258939,270,,,35937,766414,25073,2814171,270,,,37247,766921,23421,2512691,270,,,20293085,407545266,34516049,12385779,270,,25471513,478955271,21886910,10827547,270
,12266,256962,7650,828783,240,,,12140,256532,8029,834326,240,,,8578,16865611,317841,197395,240,,,35720,745704,23976,2886626,240,,,38327,754905,23408,2568691,240,,,20953847,536306858,24503867,16657010,240,,20829152,459855694,21475885,11282129,240
,12205,255098,7749,843088,217,,,11683,252237,7458,831956,217,,,7650,4042488,4713649,4556859,217,,,36111,764895,20909,2923062,217,,,36552,762799,21983,2578704,217,,,21114056,172626135,17172629,12738232,217,,20620587,154840933,15414762,12166388,217
,12124,243481,6324,843396,180,,,11262,237150,6676,829655,180,,,8080,3099285,339877,371751,180,,,35174,732991,19853,2937239,180,,,36737,732147,19502,2587071,180,,,19427469,109048801,16698380,17585186,180,,23411507,130486818,14866109,10927363,180
,12127,262770,6438,847164,170,,,11817,250794,6251,825609,170,,,7542,9033972,215843,270798,170,,,35402,742481,20036,2936011,170,,,36842,737937,18731,2578479,170,,,16109657,255282395,16489039,10890574,170,,20586164,319373226,21032199,13108449,170
,12091,253148,6091,876136,147,,,37874,250879,6232,841028,147,,,99157,1945116,218238,437227,147,,,34640,757917,18177,3111316,147,,,36422,740445,17080,2730979,147,,,20600507,78708444,14735824,13103662,147,,20549432,84093013,19592669,21805264,147
,11895,266421,5688,948617,135,,,11817,256293,5894,867039,135,,,5621,1565080,228014,9487708,135,,,34837,801620,18018,3274777,135,,,36124,780167,16497,2815170,135,,,20906543,46911243,27213356,17746215,135,,15877613,49843462,24700193,6057902,135
,12102,278772,5480,925108,132,,,11771,260365,5758,863089,132,,,17717274,6219375,216830,375238,132,,,35079,805328,18387,3211001,132,,,36884,788717,16261,2789800,132,,,20539667,47487472,20505016,11585172,132,,20481431,49504322,24575662,14102806,132
,12418,284254,5410,943428,114,,,11036,306560,7065,964435,114,,,6359,3003322,227600,339168,114,,,34725,831031,16672,3326086,114,,,36218,811462,16560,2888753,114,,,20645896,53448677,20223144,14810694,114,,22415638,45129104,16391427,11146968,114
,12243,274580,5070,933038,108,,,11581,263753,4773,906883,108,,,5712,17789542,211248,677980,108,,,34512,834307,12729,2525730,108,,,36316,810257,15703,2907431,108,,,20730574,73002074,20339066,14993602,108,,20894488,94181600,17427798,11546051,108
,11833,281567,4896,1180596,93,,,15362,291240,4830,1129065,93,,,5678,2315162,230098,505765,93,,,24915,622919,11806,2963993,93,,,35935,835937,15510,3439771,93,,,20557441,65004340,23570815,17573937,93,,20716546,93886336,22046702,11507545,93
,11919,283292,4927,1308851,93,,,11955,283570,4656,1180803,93,,,5863,1878211,291429,568618,93,,,24907,639043,11269,3151403,93,,,36028,865114,14700,3424160,93,,,20669380,87844744,23234812,15249966,93,,20668433,82870155,21125703,17059528,93
,11973,305147,5649,1362596,89,,,11732,291220,4766,1247453,89,,,179013,1750454,207113,582941,89,,,25422,689601,12190,3253209,89,,,25916,703382,13897,2737575,89,,,20608837,57380195,19387951,14796557,89,,15899291,52259003,24550134,12328802,89
,12249,311108,4904,1307086,76,,,12054,306569,4663,1259526,76,,,6324,1950472,349583,328145,76,,,28553,772703,10876,3254410,76,,,26338,696791,11950,2742327,76,,,20538121,19391785,13166297,11810807,76,,20514072,21266769,18748571,11678708,76
,12383,310046,5119,1122939,74,,,12508,300926,4721,1178637,74,,,6879,2087730,314275,307764,74,,,25457,680586,11636,2846605,74,,,25997,648632,11048,2388624,74,,,27150065,20603093,23024960,12534171,74,,20815523,20454280,17109333,11642015,74
,12133,381775,5224,1240824,65,,,12125,304701,4249,1181008,65,,,6705,1967627,219237,302357,65,,,24827,684253,11849,3019399,65,,,25478,658331,10914,2559974,65,,,20538896,23057939,17317963,8807993,65,,20518564,22385023,16807183,10655814,65
,12701,343049,5039,1312817,63,,,12014,313554,3981,1146773,63,,,6151,1770761,203895,419295,63,,,24624,717102,10363,3064208,63,,,25396,687264,10220,2594090,63,,,20600512,48848118,15427631,10634406,63,,22162579,51034729,15867005,6594384,63
,12564,372838,5021,1356380,59,,,12231,299808,3819,1124328,59,,,5682,1328870,198141,476003,59,,,25059,710007,10225,2990455,59,,,25680,686534,10338,2498571,59,,,25532407,12214198,14555812,1445853,59,,20672951,20342947,14998767,9895725,59
,12725,351907,5227,1365780,58,,,11382,315830,3821,1274625,58,,,5912,1220081,206107,265292,58,,,26876,768504,10756,3117848,58,,,27181,747990,9727,2689534,58,,,27510027,19356187,20820130,6707787,58,,22458198,17443682,14057053,6535063,58
,12548,363579,5426,1588453,55,,,11854,326702,4085,1459020,55,,,5609,1554496,214304,779037,55,,,25238,834707,11648,3680719,55,,,27281,808488,10619,3038672,55,,,20903401,19105582,8198623,1595278,55,,21218362,22362013,14443058,7000943,55
,12482,388461,5297,1523243,54,,,12837,369202,4540,1493955,54,,,5720,1554775,213860,703346,54,,,25835,824218,9109,3413039,54,,,25278,801494,9847,2957618,54,,,23521495,21625939,13329553,11293545,54,,20528141,20853605,18343638,6065833,54
,13065,374165,5767,1450385,51,,,12659,343897,4679,1199918,51,,,70626,1506277,211388,483413,51,,,25037,757798,11072,2908377,51,,,25971,737765,9157,2470183,51,,,21105301,31935405,15381679,10873463,51,,29098959,15011416,13366401,1948874,51
,13818,395495,5384,1328265,47,,,12461,333712,4077,1313465,47,,,5839,1530459,201177,260958,47,,,25108,794534,10274,2950805,47,,,25469,762851,9339,2529760,47,,,26119701,26716491,8377894,1492740,47,,22973630,16191503,5555582,977345,47
,12883,413662,4923,1475216,48,,,12670,366016,4149,1359945,48,,,5760,1725772,9771338,1256782,48,,,25012,812559,8968,3268371,48,,,25460,793267,9463,2793272,48,,,26196858,25850683,20928966,7970216,48,,25970456,21368519,13821711,10878322,48
,13025,393944,5356,1492206,47,,,13012,377423,4803,1393866,47,,,16565162,6300061,189999,837907,47,,,24890,818974,10042,3329981,47,,,24895,774022,9715,2846281,47,,,30442383,19986000,13061920,2650786,47,,33415596,15393797,12526493,10882505,47
,12765,412900,5373,1575589,48,,,16586,365874,4969,1411916,48,,,272390,6386698,202360,286768,48,,,25026,893726,11297,3370840,48,,,25151,827407,10184,3029122,48,,,26171346,85738632,22630577,6805140,48,,34886400,65830669,17434262,3421298,48
,13771,427909,6078,1726575,46,,,12632,380986,4321,1416869,46,,,5852,1826502,3436910,761849,46,,,25136,856669,8716,3598394,46,,,27090,885981,9228,3198571,46,,,25003350,31134709,7586145,2839625,46,,34448696,18571818,5506841,2055579,46
,14449,459623,5873,1892221,43,,,12016,401117,4239,1788747,43,,,5617,2200510,141244,1573035,43,,,24903,854103,9390,4093843,43,,,25181,827251,8868,3560951,43,,,29084649,47683326,8170754,2701897,43,,41495884,48982334,3236608,3203216,43
,14047,427279,5065,1559745,40,,,13688,438181,4787,1500473,40,,,5495,1946261,222834,680805,40,,,25715,842830,10185,3406927,40,,,27379,872609,9967,2919392,40,,,28854084,22745595,8139591,2422335,40,,31301565,31570504,6533362,1816789,40
,12867,440103,4669,1378537,39,,,13312,395926,4070,1305106,39,,,5561,1780466,209303,255202,39,,,25342,849124,9694,3035934,39,,,25505,814204,9100,2568951,39,,,29158975,29236431,10543256,927121,39,,31138535,25712224,9689662,911818,39
,12591,350526,5290,1233173,39,,,12887,327756,3783,1048098,39,,,5778,1287473,216651,194401,39,,,24839,736249,9542,2627382,39,,,25119,779836,9464,2287120,39,,,27505266,18654766,6958930,594679,39,,32600430,21256464,1113315,519705,39
,12466,359419,4510,1235869,37,,,11682,369422,3957,1260851,37,,,5558,1341479,209197,307353,37,,,24800,774200,8346,2831257,37,,,25411,754689,9108,2375630,37,,,23267193,20169419,7336034,1308844,37,,30398363,13724479,6280879,872980,37
,11990,434299,5300,1395322,37,,,13295,400924,4043,1262087,37,,,5508,1650529,167485,545695,37,,,24410,881165,8711,3205736,37,,,25011,866460,9406,2786919,37,,,35136875,15565797,5181865,1139753,37,,27002378,20412192,849663,1013634,37
,12597,490752,4842,1817473,33,,,11989,445189,4538,1681032,33,,,5833,1731041,13136499,9023277,33,,,24915,1045577,8179,4022407,33,,,25725,1000348,8449,3484266,33,,,30512756,29786911,921937,1717516,33,,35334762,26455612,12881080,1462974,33
,13919,562341,5263,2077466,32,,,14374,470193,4507,1794245,32,,,17723093,6914505,163693,894267,32,,,25790,1043816,8641,4549539,32,,,25317,989952,8711,3857411,32,,,30484412,27533626,4989110,2150347,32,,30333536,27082991,412703,1929557,32
,14177,501021,5175,1578077,30,,,13368,464285,3947,1486175,30,,,6709,1891221,4684617,377571,30,,,25510,1029913,9548,3686771,30,,,26127,954535,8191,3119409,30,,,40724037,19736764,6825821,950688,30,,40570659,20045285,841130,1545109,30
,12990,461968,4117,1652683,26,,,12900,448244,3818,1460831,26,,,2097291,1500096,194923,580987,26,,,25573,1004758,8474,3646774,26,,,25026,932193,7449,3037977,26,,,30322071,24207243,668823,1491207,26,,29524669,18601564,6399490,1165292,26
,,,,,,,,,,,,,,,,,,,,,,,,,,,,,,,,,,,,,,,,,,,,,,
,,,,,,,,-28337,-42530,-6409,-23114,,,,-18466724,-5675206733,46448,523417,,,,-143200,-1188877,-174770,-1150240,,,,7327,86316,38601,111750,,,,-25961507,-75171690020,-10816899,-9197780,,,-22535511,-73804463152,-11116019,-10774664,
,,,,,,,,-11536,-105907,-29409,-160964,,,,15710,-9270847,38116,427574,,,,-33304,-648669,-84366,-1054127,,,,-2577,34900,11153,111972,,,,-22202226,-51256332066,-10798067,-11818098,,,-22394158,-50599876141,-17163911,-9604033,
,,,,,,,,-15351,-267575,-30767,-346595,,,,8831,-5526028,30053,420200,,,,-29932,-413689,-55229,-1051623,,,,-1976,237,-4578,69739,,,,-18075769,-31374171935,-10629647,-10178660,,,-21976723,-31248117153,-10683264,-9383930,
,,,,,,,,-17161,-297728,-22042,-495648,,,,-242084,-3784050,19792,524579,,,,-27877,-479981,-44431,-1215644,,,,-1142,-32476,-2529,92706,,,,-19949298,-19862602898,-5746271,-9128303,,,-18819746,-19641453684,-15582532,-9018660,
,,,,,,,,-15222,-208106,-13254,-407525,,,,6183,-2336246,16441,600933,,,,-26574,-472260,-41162,-1356260,,,,-2532,-5110,551,143699,,,,-20192575,-13387089720,-16293726,-4154454,,,-15822610,-13199016121,-10584459,-8779153,
,,,,,,,,-7820,-157072,-8848,-257272,,,,5926,-3828369,12670,630891,,,,-26242,-510114,-40290,-1424106,,,,-1477,24050,2760,197075,,,,-20177581,-7334289098,-11951506,-9165200,,,-20053088,-7265277114,-10274851,-8712227,
,,,,,,,,-4483,-94586,-3470,-143278,,,,5822,-3330658,-3359,569799,,,,-25214,-488655,-33298,-1422346,,,,-2800,1163,-500,185576,,,,-20711456,-4797055056,-11816701,-9186826,,,-19893738,-4859846976,-10656052,-8767865,
,,,,,,,,-2383,-52030,-981,-14716,,,,5351,-31152186,7963,522904,,,,-25035,-487904,-29604,-1449002,,,,-1427,-8544,259,217546,,,,-25718452,-3288975991,-10230088,-8806478,,,-20792665,-3096218252,-9639656,-8630129,
,,,,,,,,-362,-63248,1111,-40722,,,,6772,-103901327,5676,736334,,,,-24158,-492045,-25532,-1986653,,,,-2424,7010,341,239233,,,,-20690876,-2764509640,-10329361,-8022284,,,-19705162,-2579303842,-5675882,-7651000,
,,,,,,,,-110,-3885,1026,-10276,,,,3396,-26273610,6958,599616,,,,-24104,-484112,-19623,-1590353,,,,-1918,-4112,-229,238569,,,,-15990394,-2287740853,-5416058,-8787810,,,-20207015,-1882439086,-11295010,-10455085,
,,,,,,,,-39,1135,-1193,-8173,,,,6008,-80437277,3323,568750,,,,-23498,-479998,-22437,-1634761,,,,-2060,-2477,1471,257399,,,,-26203485,-1953992387,-21012195,-19097429,,,-20473985,-1578182240,-10441035,-8401152,
,,,,,,,,-125,-3346,-1766,-45534,,,,5573,-95508792,3222,552739,,,,-24478,-477483,-18520,-1705615,,,,-1670,6734,-243,260990,,,,-41666367,-1351919841,-14407554,-8312405,,,-20317245,-964399201,-13646185,-3700272,
,,,,,,,,-414,4621,725,-11008,,,,5441,-31689126,-370664,482166,,,,-23791,-482008,-15114,-1928788,,,,-2205,5945,-883,263252,,,,-25770304,-1014812148,-21779895,-8519286,,,-20208647,-1025233469,-17471528,-8583204,
,,,,,,,,-2166,-4138,-744,-13911,,,,3179,-19789699,-365694,563740,,,,-23672,-506211,-17858,-1991492,,,,-1310,-507,1652,301480,,,,-20257148,-406778852,-34490976,-9571608,,,-25435576,-478188857,-21861837,-8013376,
,,,,,,,,126,430,-379,-5543,,,,3688,-16608649,-310191,631388,,,,-23454,-488742,-16326,-2057843,,,,-2607,-9201,568,317935,,,,-20918127,-535561154,-24479891,-13770384,,,-20793432,-459109990,-21451909,-8395503,
,,,,,,,,522,2861,291,11132,,,,4555,-3787390,-4705900,-3713771,,,,-23906,-509797,-13160,-2079974,,,,-441,2096,-1074,344358,,,,-21077945,-171861240,-17151720,-9815170,,,-20584476,-154076038,-15393853,-9243326,
,,,,,,,,862,6331,-352,13741,,,,4044,-2855804,-333553,471645,,,,-23050,-489510,-13529,-2093843,,,,-1563,844,351,350168,,,,-19392295,-108315810,-16678527,-14647947,,,-23376333,-129753827,-14846256,-7990124,
,,,,,,,,310,11976,187,21555,,,,4585,-8771202,-209405,576366,,,,-23275,-479711,-13598,-2088847,,,,-1440,4544,1305,357532,,,,-16074255,-254539914,-16469003,-7954563,,,-20550762,-318630745,-21012163,-10172438,
,,,,,,,,-25783,2269,-141,35108,,,,-87066,-1691968,-212147,438909,,,,-22549,-504769,-12086,-2235180,,,,-1782,17472,1097,380337,,,,-20565867,-77950527,-14717647,-9992346,,,-20514792,-83335096,-19574492,-18693948,
,,,,,,,,78,10128,-206,81578,,,,6274,-1298659,-222326,-8539091,,,,-22942,-535199,-12330,-2326160,,,,-1287,21453,1521,459607,,,,-20871706,-46109623,-27195338,-14471438,,,-15842776,-49041842,-24682175,-2783125,
,,,,,,,,331,18407,-278,62019,,,,-17705172,-5940603,-211350,549870,,,,-22977,-526556,-12907,-2285893,,,,-1805,16611,2126,421201,,,,-20504588,-46682144,-20486629,-8374171,,,-20446352,-48698994,-24557275,-10891805,
,,,,,,,,1382,-22306,-1655,-21007,,,,6059,-2719068,-222190,604260,,,,-22307,-546777,-11262,-2382658,,,,-1493,19569,112,437333,,,,-20611171,-52617646,-20206472,-11484608,,,-22380913,-44298073,-16374755,-7820882,
,,,,,,,,662,10827,297,26155,,,,6531,-17514962,-206178,255058,,,,-22269,-559727,-7659,-1592692,,,,-1804,24050,-2974,-381701,,,,-20696062,-72167767,-20326337,-12467872,,,-20859976,-93347293,-17415069,-9020321,
,,,,,,,,-3529,-9673,66,51531,,,,6155,-2033595,-225202,674831,,,,-13082,-341352,-6910,-1783397,,,,-11020,-213018,-3704,-475778,,,,-20532526,-64381421,-23559009,-14609944,,,-20691631,-93263417,-22034896,-8543552,
,,,,,,,,-36,-278,271,128048,,,,6056,-1594919,-286502,740233,,,,-12988,-355751,-6342,-1842552,,,,-11121,-226071,-3431,-272757,,,,-20644473,-87205701,-23223543,-12098563,,,-20643526,-82231112,-21114434,-13908125,
,,,,,,,,241,13927,883,115143,,,,-167040,-1445307,-201464,779655,,,,-13449,-384454,-6541,-1890613,,,,-494,-13781,-1707,515634,,,,-20583415,-56690594,-19375761,-11543348,,,-15873869,-51569402,-24537944,-9075593,
,,,,,,,,195,4539,241,47560,,,,5925,-1639364,-344679,978941,,,,-16304,-461595,-5972,-1947324,,,,2215,75912,-1074,512083,,,,-20509568,-18619082,-13155421,-8556397,,,-20485519,-20494066,-18737695,-8424298,
,,,,,,,,-125,9120,398,-55698,,,,5504,-1777684,-309156,815175,,,,-13074,-370540,-6517,-1723666,,,,-540,31954,588,457981,,,,-27124608,-19922507,-23013324,-9687566,,,-20790066,-19773694,-17097697,-8795410,
,,,,,,,,8,77074,975,59816,,,,5428,-1585852,-214013,938467,,,,-12694,-302478,-6625,-1778575,,,,-651,25922,935,459425,,,,-20514069,-22373686,-17306114,-5788594,,,-20493737,-21700770,-16795334,-7636415,
,,,,,,,,687,29495,1058,166044,,,,6550,-1427712,-198856,893522,,,,-11923,-374053,-5324,-1751391,,,,-772,29838,143,470118,,,,-20575888,-48131016,-15417268,-7570198,,,-22137955,-50317627,-15856642,-3530176,
,,,,,,,,333,73030,1202,232052,,,,6882,-956032,-193120,880377,,,,-12495,-337169,-5204,-1634075,,,,-621,23473,-113,491884,,,,-25507348,-11504191,-14545587,1544602,,,-20647892,-19632940,-14988542,-6905270,
,,,,,,,,1343,36077,1406,91155,,,,6813,-868174,-200880,1100488,,,,-14151,-416597,-5529,-1752068,,,,-305,20514,1029,428314,,,,-27483151,-18587683,-20809374,-3589939,,,-22431322,-16675178,-14046297,-3417215,
,,,,,,,,694,36877,1341,129433,,,,6939,-1190917,-208878,809416,,,,-12690,-471128,-6222,-2092266,,,,-2043,26219,1029,642047,,,,-20878163,-18270875,-8186975,2085441,,,-21193124,-21527306,-14431410,-3320224,
,,,,,,,,-355,19259,757,29288,,,,6762,-1166314,-208563,819897,,,,-13353,-435757,-3812,-1889796,,,,557,22724,-738,455421,,,,-23495660,-20801721,-13320444,-7880506,,,-20502306,-20029387,-18334529,-2652794,
,,,,,,,,406,30268,1088,250467,,,,-57561,-1132112,-205621,966972,,,,-11972,-383633,-5305,-1457992,,,,-934,20033,1915,438194,,,,-21080264,-31177607,-15370607,-7965086,,,-29073922,-14253618,-13355329,959503,
,,,,,,,,1357,61783,1307,14800,,,,7979,-1134964,-195793,1067307,,,,-11290,-399039,-4890,-1622540,,,,-361,31683,935,421045,,,,-26094593,-25921957,-8367620,1458065,,,-22948522,-15396969,-5545308,1973460,
,,,,,,,,213,47646,774,115271,,,,7123,-1312110,-9766415,218434,,,,-12129,-398897,-4045,-1793155,,,,-448,19292,-495,475099,,,,-26171846,-25038124,-20919998,-4701845,,,-25945444,-20555960,-13812743,-7609951,
,,,,,,,,13,16521,553,98340,,,,-16552137,-5906117,-184643,654299,,,,-11865,-425030,-4686,-1837775,,,,-5,44952,327,483700,,,,-30417493,-19167026,-13051878,679195,,,-33390706,-14574823,-12516451,-7552524,
,,,,,,,,-3821,47026,404,163673,,,,-259625,-5973798,-196987,1288821,,,,-12261,-480826,-5924,-1795251,,,,-125,66319,1113,341718,,,,-26146320,-84844906,-22619280,-3434300,,,-34861374,-64936943,-17422965,-50458,
,,,,,,,,1139,46923,1757,309706,,,,7919,-1398593,-3430832,964726,,,,-11365,-428760,-2638,-1871819,,,,-1954,-29312,-512,399823,,,,-24978214,-30278040,-7577429,758769,,,-34423560,-17715149,-5498125,1542815,
,,,,,,,,2433,58506,1634,103474,,,,8832,-1740887,-135371,319186,,,,-10454,-394480,-3517,-2201622,,,,-278,26852,522,532892,,,,-29059746,-46829223,-8161364,1391946,,,-41470981,-48128231,-3227218,890627,
,,,,,,,,359,-10902,278,59272,,,,8552,-1518982,-217769,878940,,,,-11668,-415551,-5120,-1847182,,,,-1664,-29779,218,487535,,,,-28828369,-21902765,-8129406,984592,,,-31275850,-30727674,-6523177,1590138,
,,,,,,,,-445,44177,599,73431,,,,7306,-1340363,-204634,1123335,,,,-12475,-409021,-5025,-1657397,,,,-163,34920,594,466983,,,,-29133633,-28387307,-10533562,2108813,,,-31113193,-24863100,-9679968,2124116,
,,,,,,,,-296,22770,1507,185075,,,,6813,-936947,-211361,1038772,,,,-12248,-385723,-4252,-1394209,,,,-280,-43587,78,340262,,,,-27480427,-17918517,-6949388,2032703,,,-32575591,-20520215,-1103773,2107677,
,,,,,,,,784,-10003,553,-24982,,,,6908,-982060,-204687,928516,,,,-12334,-414781,-3836,-1595388,,,,-611,19511,-762,455627,,,,-23242393,-19395219,-7327688,1522413,,,-30373563,-12950279,-6272533,1958277,
,,,,,,,,-1305,33375,1257,133235,,,,6482,-1216230,-162185,849627,,,,-12420,-446866,-3411,-1810414,,,,-601,14705,-695,418817,,,,-35112465,-14684632,-5173154,2065983,,,-26977968,-19531027,-840952,2192102,
,,,,,,,,608,45563,304,136441,,,,6764,-1240289,-13131657,-7205804,,,,-12318,-554825,-3337,-2204934,,,,-810,45229,-270,538141,,,,-30487841,-28741334,-913758,2304891,,,-35309847,-25410035,-12872901,2559433,
,,,,,,,,-455,92148,756,283221,,,,-17709174,-6352164,-158430,1183199,,,,-11871,-481475,-3378,-2472073,,,,473,53864,-70,692128,,,,-30458622,-26489810,-4980469,2399192,,,-30307746,-26039175,-404062,2619982,
,,,,,,,,809,36736,1228,91902,,,,7468,-1390200,-4679442,1200506,,,,-11333,-528892,-4373,-2108694,,,,-617,75378,1357,567362,,,,-40698527,-18706851,-6816273,2736083,,,-40545149,-19015372,-831582,2141662,
,,,,,,,,90,13724,299,191852,,,,-2084301,-1038128,-190806,1071696,,,,-12583,-542790,-4357,-1994091,,,,547,72565,1025,608797,,,,-30296498,-23202485,-660349,2155567,,,-29499096,-17596806,-6391016,2481482,
,,,,,,,,,,,,,,,,,,299556.2,,,,,,,,,,,,,,,,,,,,,-6162463.02,,,,,,-5435339.06,
,,,,,,,,,,,,,,,,,,,,,,,,,,,,,,,,,,,,,,,,,,,,,,
,'00 Muon,,,,,,,'01 Muon,,,,,,,'11 Muon,,,,,,,'00_tachyon,,,,,,,'01_tachyon,,,,,,,'11_tachyon,,,,,,,,,,
256x256,fl_pl=,0,,,,,,,,,,,,,fl_pl=,1,,,,,,fl_pl=,0,,,,,,,,,,,,,fl_pl=,1,,,,,,,,,
,mode1:,,,,,,,,,,,,,,mode1:,,,,,,,mode1:,,,,,,,,,,,,,,mode1:,,,,,,,,,,
,set up=,36011160,,,,,,,,,,,,,set up=,143692611,,,,,,set up=,65355539,,,,,,,,,,,,,set up=,333553860,-297542700,,,,,,,,
,mode1_loop,,,,,,,,,,,,,,mode1_loop,,,,,,,mode1_loop,,,,,,,,,,,,,,mode1_loop,,,,,,,,,,
,nds_td0 and nds_td_rem set up,indipendent set search,sum[i] calculation,star_to_mesh,nodes,,,,,,,,,,nds_td0 and nds_td_rem set up,indipendent set search,sum[i] calculation,star_to_mesh,nodes,,,nds_td0 and nds_td_rem set up,indipendent set search,sum[i] calculation,star_to_mesh,nodes,,,,,,,,,,nds_td0 and nds_td_rem set up,indipendent set search,sum[i] calculation,star_to_mesh,nodes,,,,,,
,1365003,4339908,970109,5991704,26740,,,,,,,,,,46164734,177286393,80431,605131,26740,,,832648,8898518,1337404,11628914,26740,,,,,,,,,,16671836,300447142714,9948974,12635744,26740,,,,,,
,136111,1772506,233992,3415252,18302,,,,,,,,,,2812458,61843759,67581,587289,18302,,,286667,7765662,932186,12322393,18302,,,,,,,,,,19110809,203664034648,12457587,11868165,18302,,,,,,
,96052,2422556,157487,3436701,11259,,,,,,,,,,467866,27946939,29741,389447,11259,,,210437,5775075,581596,10407272,11259,,,,,,,,,,16242935,125039327991,10456971,11413291,11259,,,,,,
,95499,1997871,136866,3216512,7096,,,,,,,,,,12193,18536538,21303,812450,7096,,,181905,4644292,369952,8991058,7096,,,,,,,,,,31392036,78783191352,11318261,13883868,7096,,,,,,
,85156,1670132,110402,3734238,5488,,,,,,,,,,11789,12705311,16532,289542,5488,,,165683,4076452,302687,8696484,5488,,,,,,,,,,16154519,54928011646,10339943,17232745,5488,,,,,,
,82364,1655341,89588,4058462,4169,,,,,,,,,,11501,17447506,22593,371156,4169,,,152221,3852728,274739,8676428,4169,,,,,,,,,,16315449,31843630657,10911196,11872888,4169,,,,,,
,78402,2032540,95030,4586444,3338,,,,,,,,,,12853,37136948,20157,467847,3338,,,162249,3842179,244205,8771385,3338,,,,,,,,,,18085262,18608641368,10146068,17880041,3338,,,,,,
,75727,2032725,89683,4677025,2750,,,,,,,,,,12953,139942877,28247,619171,2750,,,152969,3743110,209272,8657622,2750,,,,,,,,,,21219578,12422342479,15854248,14196022,2750,,,,,,
,74698,2046541,83564,6919006,2251,,,,,,,,,,15761,118409740,26632,732875,2251,,,148544,3472873,195620,13332787,2251,,,,,,,,,,21375144,9217176278,9456188,11726075,2251,,,,,,
,73662,1920268,76433,4607706,1871,,,,,,,,,,16919,498654249,25109,670237,1871,,,166911,3806958,190660,9059570,1871,,,,,,,,,,15918777,7391559466,13706389,11358544,1871,,,,,,
,74168,1878038,72499,4987855,1610,,,,,,,,,,17570,191555269,367014,790947,1610,,,154003,3678677,161205,9153662,1610,,,,,,,,,,16517389,6310085796,21238837,18154710,1610,,,,,,
,73202,2097594,66444,5226048,1384,,,,,,,,,,15821,162043215,22376,730272,1384,,,140359,3674419,151645,9618677,1384,,,,,,,,,,15955303,4405434293,10075583,15292002,1384,,,,,,
,80885,2221417,84834,5339174,1198,,,,,,,,,,18370,102306212,212876,951810,1198,,,147110,3563513,141106,10600389,1198,,,,,,,,,,27746140,3426073157,20529520,14524983,1198,,,,,,
,76178,1938806,63947,5469299,1063,,,,,,,,,,18267,125447019,16595,896066,1063,,,134991,3756801,134930,11338358,1063,,,,,,,,,,18091697,2377192944,8298661,16335594,1063,,,,,,
,75128,1918391,57800,5468280,959,,,,,,,,,,17868,75280112,235988,983216,959,,,160595,3953121,126655,11893030,959,,,,,,,,,,17090367,1329935252,21532810,11834628,959,,,,,,
,68045,1897928,52766,5685852,849,,,,,,,,,,18312,49931655,229457,11709588,849,,,151665,4544258,133461,13033955,849,,,,,,,,,,18697981,1125871132,21931922,16237073,849,,,,,,
,75002,2010091,53387,5589735,763,,,,,,,,,,17267002,75741479,11610,1438493,763,,,172367,4802907,134212,13419082,763,,,,,,,,,,23759693,981439328,20326648,22607861,763,,,,,,
,72088,2001235,52448,5639997,685,,,,,,,,,,16253,21507810,235910,1770052,685,,,166207,5040894,143556,13970360,685,,,,,,,,,,41808724,590667450,21869771,20394201,685,,,,,,
,74894,1970886,44991,5627617,608,,,,,,,,,,16495,43016779,332438,1109315,608,,,215793,5270088,133847,13601900,608,,,,,,,,,,21351665,715389301,15783172,17413026,608,,,,,,
,72897,2052797,46236,5628215,558,,,,,,,,,,1601932,43113340,222781,1688837,558,,,156870,5093384,120006,13459251,558,,,,,,,,,,18676005,563070028,26117394,11067914,558,,,,,,
,66506,2052594,43472,6081726,508,,,,,,,,,,16736,20116243,214809,2632852,508,,,167142,5303831,120085,14600654,508,,,,,,,,,,20241642,156964749,22238047,9561357,508,,,,,,
,79585,2185696,45222,5864859,482,,,,,,,,,,19151,8551105,338947,1135719,482,,,164183,5140415,100778,13313465,482,,,,,,,,,,18493864,198532105,17657352,16009776,482,,,,,,
,71648,2142414,41091,6335685,425,,,,,,,,,,16238,21111977,229248,9322082,425,,,164060,5030432,95590,13715053,425,,,,,,,,,,20035281,138232001,24806757,25878298,425,,,,,,
,74073,2193690,46413,6147509,410,,,,,,,,,,16908529,40222370,9227497,7012945,410,,,140299,4837562,90205,13095587,410,,,,,,,,,,21793597,183401613,21322707,16380874,410,,,,,,
,95363,2181179,38752,7341281,367,,,,,,,,,,17555,5383199,224140,2255561,367,,,153433,5007771,91472,15051474,367,,,,,,,,,,28828911,64332954,30820542,30671096,367,,,,,,
,68253,2261583,40506,6971807,351,,,,,,,,,,17270,7660212,203283,2541876,351,,,159803,5275774,95736,15140921,351,,,,,,,,,,36271143,159249140,26565928,12080493,351,,,,,,
,65001,2365492,42295,7260859,334,,,,,,,,,,120465,21440591,11419106,7302628,334,,,159150,5359949,86216,15661435,334,,,,,,,,,,18830764,167599576,33517466,23114239,334,,,,,,
,66296,2470785,40985,7045961,314,,,,,,,,,,18542,26519854,223849,1554300,314,,,154156,5483192,88055,15147437,314,,,,,,,,,,23988193,200287797,14810695,16026133,314,,,,,,
,65837,2417667,38246,7356113,304,,,,,,,,,,16933,7372370,217449,3523008,304,,,168793,5805486,93482,16116264,304,,,,,,,,,,25667118,153575499,24513677,24474986,304,,,,,,
,66364,2451736,38249,7123725,275,,,,,,,,,,18018,6763886,327166,7066739,275,,,151950,5659706,86625,15698763,275,,,,,,,,,,26350286,72812415,20917928,13633886,275,,,,,,
,72238,2747013,42733,7066646,262,,,,,,,,,,14209003,23784368,337914,2415946,262,,,163855,5859040,82552,15389297,262,,,,,,,,,,19697754,86361127,31326312,30317277,262,,,,,,
,68538,2559392,38979,6508570,264,,,,,,,,,,18878,6430873,235783,2403457,264,,,164289,5741006,83984,14769769,264,,,,,,,,,,28950266,67253068,30560937,14849897,264,,,,,,
,64637,2404970,39071,7806009,222,,,,,,,,,,17587,11900976,322384,8044262,222,,,157953,5705937,72900,17282744,222,,,,,,,,,,16058008,65954432,17736338,15770638,222,,,,,,
,68965,2593709,37270,7779573,223,,,,,,,,,,19375,8667714,333160,3275793,223,,,160430,6071691,81419,17169131,223,,,,,,,,,,19419269,119686792,28310724,9864374,223,,,,,,
,66503,2720629,49210,7349375,213,,,,,,,,,,160794,8637588,332022,3456724,213,,,183403,6292691,79311,17145123,213,,,,,,,,,,19768062,59029278,29375032,9719214,213,,,,,,
,72700,2869063,35496,7694323,197,,,,,,,,,,19632,7217953,208544,2426402,197,,,153050,6027203,73342,16738887,197,,,,,,,,,,21204373,74243534,23630747,8898603,197,,,,,,
,66972,2702094,33970,7880829,195,,,,,,,,,,17521,6657553,2431695,10348035,195,,,171669,6437799,77195,17735677,195,,,,,,,,,,21019042,53949069,23865029,14511231,195,,,,,,
,95215,2783023,37825,7745485,192,,,,,,,,,,17087553,11048413,283663,2715143,192,,,164191,6460018,73676,16879887,192,,,,,,,,,,19659847,67835759,24047199,8263600,192,,,,,,
,67552,2722679,43381,7589030,180,,,,,,,,,,20081,6500452,211287,5890573,180,,,161981,6406285,74529,16869461,180,,,,,,,,,,19555215,58237270,20826898,11842344,180,,,,,,
,68519,2713985,33505,7161016,171,,,,,,,,,,17427564,19639646,225194,1914236,171,,,159608,6550836,71333,16752175,171,,,,,,,,,,19697974,53679936,16621691,17341441,171,,,,,,
,71337,2643947,38058,7675286,169,,,,,,,,,,20145,7625049,9080307,5704899,169,,,167316,6348393,64993,17027484,169,,,,,,,,,,16048748,102500139,19835002,17646583,169,,,,,,
,65896,2683442,34572,8006126,158,,,,,,,,,,593080,8295811,312511,1468441,158,,,153473,6308751,66418,17568733,158,,,,,,,,,,17132993,64271931,19312446,14228812,158,,,,,,
,67416,2620567,30056,7285180,160,,,,,,,,,,20916,12827179,301876,1569682,160,,,174417,6450137,70326,16626363,160,,,,,,,,,,19276482,120796262,19552252,27927261,160,,,,,,
,69068,2633810,32041,7308542,149,,,,,,,,,,20777,8546374,13486771,2374970,149,,,159208,6526498,66705,17504954,149,,,,,,,,,,19710040,70847038,24818735,25386877,149,,,,,,
,92720,2586236,34153,6969710,151,,,,,,,,,,20958,7881734,303638,6082148,151,,,185899,7079671,77793,17703271,151,,,,,,,,,,20074050,240756103,38147377,11014817,151,,,,,,
,65212,2592552,29579,7369798,146,,,,,,,,,,16878162,22029535,195101,2312117,146,,,175440,7341136,76941,18598992,146,,,,,,,,,,19507557,124163075,24787728,31481874,146,,,,,,
,65232,2869763,30138,7135810,145,,,,,,,,,,19172,8597393,218117,2325083,145,,,167341,6982269,64689,17166749,145,,,,,,,,,,23301548,55861465,27263937,16541668,145,,,,,,
,67041,2902423,31209,7709408,140,,,,,,,,,,308280,6758576,214765,2495538,140,,,147458,6884663,66382,17351875,140,,,,,,,,,,19838914,72321583,23147518,15679519,140,,,,,,
,70281,2860109,32031,7380385,131,,,,,,,,,,20011,10412824,9328450,6221368,131,,,156972,6794347,60592,17033534,131,,,,,,,,,,23029842,64816707,22729016,16959897,131,,,,,,
,69985,2943865,27748,7824344,126,,,,,,,,,,21923,9298265,329326,2255258,126,,,151334,6875525,58025,18233727,126,,,,,,,,,,19805385,66676554,20807667,19969152,126,,,,,,
,,,,6321601.84,,,,,,,,,,,,,,,,,,,,,,,,,,,,,,,,,,,,,,,,,,
,,,,,,,,,,,,,,,-44799731,-172946485,889678,5386573,,,,,,,,,,,,,,,,,,-18446972,-18927435503,-10902303,-10543897,0,,,,,,
,,,,,,,,,,,,,,,-2676347,-60071253,166411,2827963,,,,,,,,,,,,,,,,,,-20375061,-12996962262,-5772220,-10639494,0,,,,,,
,,,,,,,,,,,,,,,-371814,-25524383,127746,3047254,,,,,,,,,,,,,,,,,,-22173324,-7895530739,-11141840,-10452168,0,,,,,,
,,,,,,,,,,,,,,,83306,-16538667,115563,2404062,,,,,,,,,,,,,,,,,,-21298457,-5067251116,-5602706,-15674072,0,,,,,,
,,,,,,,,,,,,,,,73367,-11035179,93870,3444696,,,,,,,,,,,,,,,,,,-22147353,-3432115617,-11763769,-15739638,0,,,,,,
,,,,,,,,,,,,,,,70863,-15792165,66995,3687306,,,,,,,,,,,,,,,,,,-16331400,-1974933020,-10832142,-10259838,0,,,,,,
,,,,,,,,,,,,,,,65549,-35104408,74873,4118597,,,,,,,,,,,,,,,,,,-27929040,-1101967539,-15963999,-5147684,0,,,,,,
,,,,,,,,,,,,,,,62774,-137910152,61436,4057854,,,,,,,,,,,,,,,,,,-21901786,-882559412,-11006391,-10979620,0,,,,,,
,,,,,,,,,,,,,,,58937,-116363199,56932,6186131,,,,,,,,,,,,,,,,,,-27531982,-712137165,-15911426,-4819634,0,,,,,,
,,,,,,,,,,,,,,,56743,-496733981,51324,3937469,,,,,,,,,,,,,,,,,,-26883353,-542167971,-11600039,-10264910,0,,,,,,
,,,,,,,,,,,,,,,56598,-189677231,-294515,4196908,,,,,,,,,,,,,,,,,,-26133839,-183224207,-16116728,-10572407,0,,,,,,
,,,,,,,,,,,,,,,57381,-159945621,44068,4495776,,,,,,,,,,,,,,,,,,-26288403,-374062539,-36992597,-8492276,0,,,,,,
,,,,,,,,,,,,,,,62515,-100084795,-128042,4387364,,,,,,,,,,,,,,,,,,-22111011,-310337214,-10074366,174813,0,,,,,,
,,,,,,,,,,,,,,,57911,-123508213,47352,4573233,,,,,,,,,,,,,,,,,,-20831334,-159297407,-6895792,155000,0,,,,,,
,,,,,,,,,,,,,,,57260,-73361721,-178188,4485064,,,,,,,,,,,,,,,,,,-26038137,-56504153,-11127265,-14760999,0,,,,,,
,,,,,,,,,,,,,,,49733,-48033727,-176691,-6023736,,,,,,,,,,,,,,,,,,-20555696,-38173884,-8180576,-90380,0,,,,,,
,,,,,,,,,,,,,,,-17192000,-73731388,41777,4151242,,,,,,,,,,,,,,,,,,-25778255,-169340921,-21139127,-47305,0,,,,,,
,,,,,,,,,,,,,,,55835,-19506575,-183462,3869945,,,,,,,,,,,,,,,,,,-32081280,-25447858,-19762115,168069,0,,,,,,
,,,,,,,,,,,,,,,58399,-41045893,-287447,4518302,,,,,,,,,,,,,,,,,,-36663591,-36359832,-5318587,-3471,0,,,,,,
,,,,,,,,,,,,,,,-1529035,-41060543,-176545,3939378,,,,,,,,,,,,,,,,,,-25092145,-40172827,-5423400,-104546,0,,,,,,
,,,,,,,,,,,,,,,49770,-18063649,-171337,3448874,,,,,,,,,,,,,,,,,,-32321321,-49152749,-6162317,84881,0,,,,,,
,,,,,,,,,,,,,,,60434,-6365409,-293725,4729140,,,,,,,,,,,,,,,,,,-41773464,-3771450,-5668709,102931,0,,,,,,
,,,,,,,,,,,,,,,55410,-18969563,-188157,-2986397,,,,,,,,,,,,,,,,,,-27080897,-10138536,-3826869,264278,0,,,,,,
,,,,,,,,,,,,,,,-16834456,-38028680,-9181084,-865436,,,,,,,,,,,,,,,,,,-27854911,-3703571,-3660053,224849,0,,,,,,
,,,,,,,,,,,,,,,77808,-3202020,-185388,5085720,,,,,,,,,,,,,,,,,,-27388307,-8882151,-5305107,287563,0,,,,,,
,,,,,,,,,,,,,,,50983,-5398629,-162777,4429931,,,,,,,,,,,,,,,,,,-32892868,-8963962,-384936,246228,0,,,,,,
,,,,,,,,,,,,,,,-55464,-19075099,-11376811,-41769,,,,,,,,,,,,,,,,,,-26952990,-8722986,-7201073,257271,0,,,,,,
,,,,,,,,,,,,,,,47754,-24049069,-182864,5491661,,,,,,,,,,,,,,,,,,-42168741,-9865803,-434735,252206,0,,,,,,
,,,,,,,,,,,,,,,48904,-4954703,-179203,3833105,,,,,,,,,,,,,,,,,,-32199186,-10739372,-332843,374363,0,,,,,,
,,,,,,,,,,,,,,,48346,-4312150,-288917,56986,,,,,,,,,,,,,,,,,,-29810984,-9052104,-257189,443441,0,,,,,,
,,,,,,,,,,,,,,,-14136765,-21037355,-295181,4650700,,,,,,,,,,,,,,,,,,-35961577,-3737194,-242858,-50322,0,,,,,,
,,,,,,,,,,,,,,,49660,-3871481,-196804,4105113,,,,,,,,,,,,,,,,,,-23231894,-14604525,-8667083,32290,0,,,,,,
,,,,,,,,,,,,,,,47050,-9496006,-283313,-238253,,,,,,,,,,,,,,,,,,-33341532,-13849351,-4543852,245096,0,,,,,,
,,,,,,,,,,,,,,,49590,-6074005,-295890,4503780,,,,,,,,,,,,,,,,,,-33557859,-14815146,-3181728,212737,0,,,,,,
,,,,,,,,,,,,,,,-94291,-5916959,-282812,3892651,,,,,,,,,,,,,,,,,,-28751197,-14384775,-3640710,4662,0,,,,,,
,,,,,,,,,,,,,,,53068,-4348890,-173048,5267921,,,,,,,,,,,,,,,,,,-30975296,-17750453,-5235644,49963,0,,,,,,
,,,,,,,,,,,,,,,49451,-3955459,-2397725,-2467206,,,,,,,,,,,,,,,,,,-29884101,-14964356,-1923663,217918,0,,,,,,
,,,,,,,,,,,,,,,-16992338,-8265390,-245838,5030342,,,,,,,,,,,,,,,,,,-43959529,-21612054,-9193606,134936,0,,,,,,
,,,,,,,,,,,,,,,47471,-3777773,-167906,1698457,,,,,,,,,,,,,,,,,,-38541254,-31814041,-9266787,105697,0,,,,,,
,,,,,,,,,,,,,,,-17359045,-16925661,-191689,5246780,,,,,,,,,,,,,,,,,,-35496584,-26397694,-5431492,-35540,0,,,,,,
,,,,,,,,,,,,,,,51192,-4981102,-9042249,1970387,,,,,,,,,,,,,,,,,,-37796009,-21133323,-5383533,275518,0,,,,,,
,,,,,,,,,,,,,,,-527184,-5612369,-277939,6537685,,,,,,,,,,,,,,,,,,-35584707,-21665363,-190901,320349,0,,,,,,
,,,,,,,,,,,,,,,46500,-10206612,-271820,5715498,,,,,,,,,,,,,,,,,,-34457196,-8546693,-3732418,189571,0,,,,,,
,,,,,,,,,,,,,,,48291,-5912564,-13454730,4933572,,,,,,,,,,,,,,,,,,-28706942,-15063950,-240325,214763,0,,,,,,
,,,,,,,,,,,,,,,71762,-5295498,-269485,887562,,,,,,,,,,,,,,,,,,-31183518,-9171667,-2666015,140177,0,,,,,,
,,,,,,,,,,,,,,,-16812950,-19436983,-165522,5057681,,,,,,,,,,,,,,,,,,-36972259,-10911913,-57660,127521,0,,,,,,
,,,,,,,,,,,,,,,46060,-5727630,-187979,4810727,,,,,,,,,,,,,,,,,,-30686931,-14820870,-186695,50876,0,,,,,,
,,,,,,,,,,,,,,,-241239,-3856153,-183556,5213870,,,,,,,,,,,,,,,,,,-32631789,-8393954,-101873,134978,0,,,,,,
,,,,,,,,,,,,,,,50270,-7552715,-9296419,1159017,,,,,,,,,,,,,,,,,,-33522411,-2292346,-174247,-54035,0,,,,,,
,,,,,,,,,,,,,,,48062,-6354400,-301578,5569086,,,,,,,,,,,,,,,,,,-32502768,-3285903,-148731,163598,0,,,,,,
,,,,,,,,,,,,,,,-2951953.04,-45179991.1,-1195572.22,3368371.32,,,,,,,,,,,,,,,,,,,,,-2661513.86,,,,,,,
