,,,,,,,,,,,,,,,,,,,,,,,,,,,,,,,,,,,,,,,,,,,,,,,,,,,,,,,,,,,,,,,,,,,,,,,,,,,,,,,,,,,,,,,,,,,,,,,,,,,,,,,,,,,,,,,,,,,,,,,,,,,,,,,,,,,,,,,,,,,,,,,,,,,,,,,,,,,,,,,,,,,,,,,,,,,,,,,,,,,,,,,,,,,,,,,,,,,,,,,,,,,,,,,,,,,,,,,,,,,,,,,,,,,,,,,,,,,,,,,,,,,,,,,,,,,,,,,,,,,,,,,,,,,,,,,,,,,,,,,,,,,,,,,,,,,,,,,,,,,,,,,,,,,,,,,,,,,,,,,,,,,,,,,,,,,,,,,,,,,,,,,,,,,,,,,,,,,,,,,,,,,,,,,,,,,,,,,,,,,,,,,,,,,,,,,,,,,,,,,,,,,,,,,,,,,,,,,,,,,,,,,,,,,,,,,,,,,,,,,,,,,,,,,,,,,,,,,,,,,,,,,,,,,,,,,,,,,,,,,,,,,,,,,,,,,,,,,,,,,,,,,,,,,,,,,,,,,,,,,,,,,,,,,,,,,,,,,,,,,
,,,,,,,,,,,,,,,,,,,,,,,,,,,,,,,,,,,,,,,,,,,,,,,,,,,,,,,,,,,,,,,,,,,,,,,,,,,,,,,,,,,,,,,,,,,,,,,,,,,,,,,,,,,,,,,,,,,,,,,,,,,,,,,,,,,,,,,,,,,,,,,,,,,,,,,,,,,,,,,,,,,,,,,,,,,,,,,,,,,,,,,,,,,,,,,,,,,,,,,,,,,,,,,,,,,,,,,,,,,,,,,,,,,,,,,,,,,,,,,,,,,,,,,,,,,,,,,,,,,,,,,,,,,,,,,,,,,,,,,,,,,,,,,,,,,,,,,,,,,,,,,,,,,,,,,,,,,,,,,,,,,,,,,,,,,,,,,,,,,,,,,,,,,,,,,,,,,,,,,,,,,,,,,,,,,,,,,,,,,,,,,,,,,,,,,,,,,,,,,,,,,,,,,,,,,,,,,,,,,,,,,,,,,,,,,,,,,,,,,,,,,,,,,,,,,,,,,,,,,,,,,,,,,,,,,,,,,,,,,,,,,,,,,,,,,,,,,,,,,,,,,,,,,,,,,,,,,,,,,,,,,,,,,,,,,,,,,,,,,
,,,,,,,,,,,,,,,,,,,,,,,,,,,,,,,,,,,,,,,,,,,,,,,,,,,,,,,,,,,,,,,,,,,,,,,,,,,,,,,,,,,,,,,,,,,,,,,,,,,,,,,,,,,,,,,,,,,,,,,,,,,,,,,,,,,,,,,,,,,,,,,,,,,,,,,,,,,,,,,,,,,,,,,,,,,,,,,,,,,,,,,,,,,,,,,,,,,,,,,,,,,,,,,,,,,,,,,,,,,,,,,,,,,,,,,,,,,,,,,,,,,,,,,,,,,,,,,,,,,,,,,,,,,,,,,,,,,,,,,,,,,,,,,,,,,,,,,,,,,,,,,,,,,,,,,,,,,,,,,,,,,,,,,,,,,,,,,,,,,,,,,,,,,,,,,,,,,,,,,,,,,,,,,,,,,,,,,,,,,,,,,,,,,,,,,,,,,,,,,,,,,,,,,,,,,,,,,,,,,,,,,,,,,,,,,,,,,,,,,,,,,,,,,,,,,,,,,,,,,,,,,,,,,,,,,,,,,,,,,,,,,,,,,,,,,,,,,,,,,,,,,,,,,,,,,,,,,,,,,,,,,,,,,,,,,,,,,,,,,
,,,,,,,,,,,,,,,,,,,,,,,,,,,,,,,,,,,,,,,,,,,,,,,,,,,,,,,,,,,,,,,,,,,,,,,,,,,,,,,,,,,,,,,,,,,,,,,,,,,,,,,,,,,,,,,,,,,,,,,,,,,,,,,,,,,,,,,,,,,,,,,,,,,,,,,,,,,,,,,,,,,,,,,,,,,,,,,,,,,,,,,,,,,,,,,,,,,,,,,,,,,,,,,,,,,,,,,,,,,,,,,,,,,,,,,,,,,,,,,,,,,,,,,,,,,,,,,,,,,,,,,,,,,,,,,,,,,,,,,,,,,,,,,,,,,,,,,,,,,,,,,,,,,,,,,,,,,,,,,,,,,,,,,,,,,,,,,,,,,,,,,,,,,,,,,,,,,,,,,,,,,,,,,,,,,,,,,,,,,,,,,,,,,,,,,,,,,,,,,,,,,,,,,,,,,,,,,,,,,,,,,,,,,,,,,,,,,,,,,,,,,,,,,,,,,,,,,,,,,,,,,,,,,,,,,,,,,,,,,,,,,,,,,,,,,,,,,,,,,,,,,,,,,,,,,,,,,,,,,,,,,,,,,,,,,,,,,,,,,
,,,,,,,,,,,,,,,,,,,,,,,,,,,,,,,,,,,,,,,,,,,,,,,,,,,,,,,,,,,,,,,,,,,,,,,,,,,,,,,,,,,,,,,,,,,,,,,,,,,,,,,,,,,,,,,,,,,,,,,,,,,,,,,,,,,,,,,,,,,,,,,,,,,,,,,,,,,,,,,,,,,,,,,,,,,,,,,,,,,,,,,,,,,,,,,,,,,,,,,,,,,,,,,,,,,,,,,,,,,,,,,,,,,,,,,,,,,,,,,,,,,,,,,,,,,,,,,,,,,,,,,,,,,,,,,,,,,,,,,,,,,,,,,,,,,,,,,,,,,,,,,,,,,,,,,,,,,,,,,,,,,,,,,,,,,,,,,,,,,,,,,,,,,,,,,,,,,,,,,,,,,,,,,,,,,,,,,,,,,,,,,,,,,,,,,,,,,,,,,,,,,,,,,,,,,,,,,,,,,,,,,,,,,,,,,,,,,,,,,,,,,,,,,,,,,,,,,,,,,,,,,,,,,,,,,,,,,,,,,,,,,,,,,,,,,,,,,,,,,,,,,,,,,,,,,,,,,,,,,,,,,,,,,,,,,,,,,,,,,
,,,,,,,,,,,,,,,,,,,,,,,,,,,,,,,,,,,,,,,,,,,,,,,,,,,,,,,,,,,,,,,,,,,,,,,,,,,,,,,,,,,,,,,,,,,,,,,,,,,,,,,,,,,,,,,,,,,,,,,,,,,,,,,,,,,,,,,,,,,,,,,,,,,,,,,,,,,,,,,,,,,,,,,,,,,,,,,,,,,,,,,,,,,,,,,,,,,,,,,,,,,,,,,,,,,,,,,,,,,,,,,,,,,,,,,,,,,,,,,,,,,,,,,,,,,,,,,,,,,,,,,,,,,,,,,,,,,,,,,,,,,,,,,,,,,,,,,,,,,,,,,,,,,,,,,,,,,,,,,,,,,,,,,,,,,,,,,,,,,,,,,,,,,,,,,,,,,,,,,,,,,,,,,,,,,,,,,,,,,,,,,,,,,,,,,,,,,,,,,,,,,,,,,,,,,,,,,,,,,,,,,,,,,,,,,,,,,,,,,,,,,,,,,,,,,,,,,,,,,,,,,,,,,,,,,,,,,,,,,,,,,,,,,,,,,,,,,,,,,,,,,,,,,,,,,,,,,,,,,,,,,,,,,,,,,,,,,,,,,
,,,,,,,,,,,,,,,,,,,,,,,,,,,,,,,,,,,,,,,,,,,,,,,,,,,,,,,,,,,,,,,,,,,,,,,,,,,,,,,,,,,,,,,,,,,,,,,,,,,,,,,,,,,,,,,,,,,,,,,,,,,,,,,,,,,,,,,,,,,,,,,,,,,,,,,,,,,,,,,,,,,,,,,,,,,,,,,,,,,,,,,,,,,,,,,,,,,,,,,,,,,,,,,,,,,,,,,,,,,,,,,,,,,,,,,,,,,,,,,,,,,,,,,,,,,,,,,,,,,,,,,,,,,,,,,,,,,,,,,,,,,,,,,,,,,,,,,,,,,,,,,,,,,,,,,,,,,,,,,,,,,,,,,,,,,,,,,,,,,,,,,,,,,,,,,,,,,,,,,,,,,,,,,,,,,,,,,,,,,,,,,,,,,,,,,,,,,,,,,,,,,,,,,,,,,,,,,,,,,,,,,,,,,,,,,,,,,,,,,,,,,,,,,,,,,,,,,,,,,,,,,,,,,,,,,,,,,,,,,,,,,,,,,,,,,,,,,,,,,,,,,,,,,,,,,,,,,,,,,,,,,,,,,,,,,,,,,,,,,
,,,,,,,,,,,,,,,,,,,,,,,,,,,,,,,,,,,,,,,,,,,,,,,,,,,,,,,,,,,,,,,,,,,,,,,,,,,,,,,,,,,,,,,,,,,,,,,,,,,,,,,,,,,,,,,,,,,,,,,,,,,,,,,,,,,,,,,,,,,,,,,,,,,,,,,,,,,,,,,,,,,,,,,,,,,,,,,,,,,,,,,,,,,,,,,,,,,,,,,,,,,,,,,,,,,,,,,,,,,,,,,,,,,,,,,,,,,,,,,,,,,,,,,,,,,,,,,,,,,,,,,,,,,,,,,,,,,,,,,,,,,,,,,,,,,,,,,,,,,,,,,,,,,,,,,,,,,,,,,,,,,,,,,,,,,,,,,,,,,,,,,,,,,,,,,,,,,,,,,,,,,,,,,,,,,,,,,,,,,,,,,,,,,,,,,,,,,,,,,,,,,,,,,,,,,,,,,,,,,,,,,,,,,,,,,,,,,,,,,,,,,,,,,,,,,,,,,,,,,,,,,,,,,,,,,,,,,,,,,,,,,,,,,,,,,,,,,,,,,,,,,,,,,,,,,,,,,,,,,,,,,,,,,,,,,,,,,,,,,
,,,,,,,,,,,,,,,,,,,,,,,,,,,,,,,,,,,,,,,,,,,,,,,,,,,,,,,,,,,,,,,,,,,,,,,,,,,,,,,,,,,,,,,,,,,,,,,,,,,,,,,,,,,,,,,,,,,,,,,,,,,,,,,,,,,,,,,,,,,,,,,,,,,,,,,,,,,,,,,,,,,,,,,,,,,,,,,,,,,,,,,,,,,,,,,,,,,,,,,,,,,,,,,,,,,,,,,,,,,,,,,,,,,,,,,,,,,,,,,,,,,,,,,,,,,,,,,,,,,,,,,,,,,,,,,,,,,,,,,,,,,,,,,,,,,,,,,,,,,,,,,,,,,,,,,,,,,,,,,,,,,,,,,,,,,,,,,,,,,,,,,,,,,,,,,,,,,,,,,,,,,,,,,,,,,,,,,,,,,,,,,,,,,,,,,,,,,,,,,,,,,,,,,,,,,,,,,,,,,,,,,,,,,,,,,,,,,,,,,,,,,,,,,,,,,,,,,,,,,,,,,,,,,,,,,,,,,,,,,,,,,,,,,,,,,,,,,,,,,,,,,,,,,,,,,,,,,,,,,,,,,,,,,,,,,,,,,,,,,
,,,,,,,,,,,,,,,,,,,,,,,,,,,,,,,,,,,,,,,,,,,,,,,,,,,,,,,,,,,,,,,,,,,,,,,,,,,,,,,,,,,,,,,,,,,,,,,,,,,,,,,,,,,,,,,,,,,,,,,,,,,,,,,,,,,,,,,,,,,,,,,,,,,,,,,,,,,,,,,,,,,,,,,,,,,,,,,,,,,,,,,,,,,,,,,,,,,,,,,,,,,,,,,,,,,,,,,,,,,,,,,,,,,,,,,,,,,,,,,,,,,,,,,,,,,,,,,,,,,,,,,,,,,,,,,,,,,,,,,,,,,,,,,,,,,,,,,,,,,,,,,,,,,,,,,,,,,,,,,,,,,,,,,,,,,,,,,,,,,,,,,,,,,,,,,,,,,,,,,,,,,,,,,,,,,,,,,,,,,,,,,,,,,,,,,,,,,,,,,,,,,,,,,,,,,,,,,,,,,,,,,,,,,,,,,,,,,,,,,,,,,,,,,,,,,,,,,,,,,,,,,,,,,,,,,,,,,,,,,,,,,,,,,,,,,,,,,,,,,,,,,,,,,,,,,,,,,,,,,,,,,,,,,,,,,,,,,,,,,
,,,,,,,,,,,,,,,,,,,,,,,,,,,,,,,,,,,,,,,,,,,,,,,,,,,,,,,,,,,,,,,,,,,,,,,,,,,,,,,,,,,,,,,,,,,,,,,,,,,,,,,,,,,,,,,,,,,,,,,,,,,,,,,,,,,,,,,,,,,,,,,,,,,,,,,,,,,,,,,,,,,,,,,,,,,,,,,,,,,,,,,,,,,,,,,,,,,,,,,,,,,,,,,,,,,,,,,,,,,,,,,,,,,,,,,,,,,,,,,,,,,,,,,,,,,,,,,,,,,,,,,,,,,,,,,,,,,,,,,,,,,,,,,,,,,,,,,,,,,,,,,,,,,,,,,,,,,,,,,,,,,,,,,,,,,,,,,,,,,,,,,,,,,,,,,,,,,,,,,,,,,,,,,,,,,,,,,,,,,,,,,,,,,,,,,,,,,,,,,,,,,,,,,,,,,,,,,,,,,,,,,,,,,,,,,,,,,,,,,,,,,,,,,,,,,,,,,,,,,,,,,,,,,,,,,,,,,,,,,,,,,,,,,,,,,,,,,,,,,,,,,,,,,,,,,,,,,,,,,,,,,,,,,,,,,,,,,,,,,
,,,,,,,,,,,,,,,,,,,,,,,,,,,,,,,,,,,,,,,,,,,,,,,,,,,,,,,,,,,,,,,,,,,,,,,,,,,,,,,,,,,,,,,,,,,,,,,,,,,,,,,,,,,,,,,,,,,,,,,,,,,,,,,,,,,,,,,,,,,,,,,,,,,,,,,,,,,,,,,,,,,,,,,,,,,,,,,,,,,,,,,,,,,,,,,,,,,,,,,,,,,,,,,,,,,,,,,,,,,,,,,,,,,,,,,,,,,,,,,,,,,,,,,,,,,,,,,,,,,,,,,,,,,,,,,,,,,,,,,,,,,,,,,,,,,,,,,,,,,,,,,,,,,,,,,,,,,,,,,,,,,,,,,,,,,,,,,,,,,,,,,,,,,,,,,,,,,,,,,,,,,,,,,,,,,,,,,,,,,,,,,,,,,,,,,,,,,,,,,,,,,,,,,,,,,,,,,,,,,,,,,,,,,,,,,,,,,,,,,,,,,,,,,,,,,,,,,,,,,,,,,,,,,,,,,,,,,,,,,,,,,,,,,,,,,,,,,,,,,,,,,,,,,,,,,,,,,,,,,,,,,,,,,,,,,,,,,,,,,
,,,,,,,,,,,,,,,,,,,,,,,,,,,,,,,,,,,,,,,,,,,,,,,,,,,,,,,,,,,,,,,,,,,,,,,,,,,,,,,,,,,,,,,,,,,,,,,,,,,,,,,,,,,,,,,,,,,,,,,,,,,,,,,,,,,,,,,,,,,,,,,,,,,,,,,,,,,,,,,,,,,,,,,,,,,,,,,,,,,,,,,,,,,,,,,,,,,,,,,,,,,,,,,,,,,,,,,,,,,,,,,,,,,,,,,,,,,,,,,,,,,,,,,,,,,,,,,,,,,,,,,,,,,,,,,,,,,,,,,,,,,,,,,,,,,,,,,,,,,,,,,,,,,,,,,,,,,,,,,,,,,,,,,,,,,,,,,,,,,,,,,,,,,,,,,,,,,,,,,,,,,,,,,,,,,,,,,,,,,,,,,,,,,,,,,,,,,,,,,,,,,,,,,,,,,,,,,,,,,,,,,,,,,,,,,,,,,,,,,,,,,,,,,,,,,,,,,,,,,,,,,,,,,,,,,,,,,,,,,,,,,,,,,,,,,,,,,,,,,,,,,,,,,,,,,,,,,,,,,,,,,,,,,,,,,,,,,,,,,
,,,,,,,,,,,,,,,,,,,,,,,,,,,,,,,,,,,,,,,,,,,,,,,,,,,,,,,,,,,,,,,,,,,,,,,,,,,,,,,,,,,,,,,,,,,,,,,,,,,,,,,,,,,,,,,,,,,,,,,,,,,,,,,,,,,,,,,,,,,,,,,,,,,,,,,,,,,,,,,,,,,,,,,,,,,,,,,,,,,,,,,,,,,,,,,,,,,,,,,,,,,,,,,,,,,,,,,,,,,,,,,,,,,,,,,,,,,,,,,,,,,,,,,,,,,,,,,,,,,,,,,,,,,,,,,,,,,,,,,,,,,,,,,,,,,,,,,,,,,,,,,,,,,,,,,,,,,,,,,,,,,,,,,,,,,,,,,,,,,,,,,,,,,,,,,,,,,,,,,,,,,,,,,,,,,,,,,,,,,,,,,,,,,,,,,,,,,,,,,,,,,,,,,,,,,,,,,,,,,,,,,,,,,,,,,,,,,,,,,,,,,,,,,,,,,,,,,,,,,,,,,,,,,,,,,,,,,,,,,,,,,,,,,,,,,,,,,,,,,,,,,,,,,,,,,,,,,,,,,,,,,,,,,,,,,,,,,,,,,
,,,,,,,,,,,,,,,,,,,,,,,,,,,,,,,,,,,,,,,,,,,,,,,,,,,,,,,,,,,,,,,,,,,,,,,,,,,,,,,,,,,,,,,,,,,,,,,,,,,,,,,,,,,,,,,,,,,,,,,,,,,,,,,,,,,,,,,,,,,,,,,,,,,,,,,,,,,,,,,,,,,,,,,,,,,,,,,,,,,,,,,,,,,,,,,,,,,,,,,,,,,,,,,,,,,,,,,,,,,,,,,,,,,,,,,,,,,,,,,,,,,,,,,,,,,,,,,,,,,,,,,,,,,,,,,,,,,,,,,,,,,,,,,,,,,,,,,,,,,,,,,,,,,,,,,,,,,,,,,,,,,,,,,,,,,,,,,,,,,,,,,,,,,,,,,,,,,,,,,,,,,,,,,,,,,,,,,,,,,,,,,,,,,,,,,,,,,,,,,,,,,,,,,,,,,,,,,,,,,,,,,,,,,,,,,,,,,,,,,,,,,,,,,,,,,,,,,,,,,,,,,,,,,,,,,,,,,,,,,,,,,,,,,,,,,,,,,,,,,,,,,,,,,,,,,,,,,,,,,,,,,,,,,,,,,,,,,,,,,
,,,,,,,,,,,,,,,,,,,,,,,,,,,,,,,,,,,,,,,,,,,,,,,,,,,,,,,,,,,,,,,,,,,,,,,,,,,,,,,,,,,,,,,,,,,,,,,,,,,,,,,,,,,,,,,,,,,,,,,,,,,,,,,,,,,,,,,,,,,,,,,,,,,,,,,,,,,,,,,,,,,,,,,,,,,,,,,,,,,,,,,,,,,,,,,,,,,,,,,,,,,,,,,,,,,,,,,,,,,,,,,,,,,,,,,,,,,,,,,,,,,,,,,,,,,,,,,,,,,,,,,,,,,,,,,,,,,,,,,,,,,,,,,,,,,,,,,,,,,,,,,,,,,,,,,,,,,,,,,,,,,,,,,,,,,,,,,,,,,,,,,,,,,,,,,,,,,,,,,,,,,,,,,,,,,,,,,,,,,,,,,,,,,,,,,,,,,,,,,,,,,,,,,,,,,,,,,,,,,,,,,,,,,,,,,,,,,,,,,,,,,,,,,,,,,,,,,,,,,,,,,,,,,,,,,,,,,,,,,,,,,,,,,,,,,,,,,,,,,,,,,,,,,,,,,,,,,,,,,,,,,,,,,,,,,,,,,,,,,
,,,,,,,,,,,,,,,,,,,,,,,,,,,,,,,,,,,,,,,,,,,,,,,,,,,,,,,,,,,,,,,,,,,,,,,,,,,,,,,,,,,,,,,,,,,,,,,,,,,,,,,,,,,,,,,,,,,,,,,,,,,,,,,,,,,,,,,,,,,,,,,,,,,,,,,,,,,,,,,,,,,,,,,,,,,,,,,,,,,,,,,,,,,,,,,,,,,,,,,,,,,,,,,,,,,,,,,,,,,,,,,,,,,,,,,,,,,,,,,,,,,,,,,,,,,,,,,,,,,,,,,,,,,,,,,,,,,,,,,,,,,,,,,,,,,,,,,,,,,,,,,,,,,,,,,,,,,,,,,,,,,,,,,,,,,,,,,,,,,,,,,,,,,,,,,,,,,,,,,,,,,,,,,,,,,,,,,,,,,,,,,,,,,,,,,,,,,,,,,,,,,,,,,,,,,,,,,,,,,,,,,,,,,,,,,,,,,,,,,,,,,,,,,,,,,,,,,,,,,,,,,,,,,,,,,,,,,,,,,,,,,,,,,,,,,,,,,,,,,,,,,,,,,,,,,,,,,,,,,,,,,,,,,,,,,,,,,,,,,
,,,,,,,,,,,,,,,,,,,,,,,,,,,,,,,,,,,,,,,,,,,,,,,,,,,,,,,,,,,,,,,,,,,,,,,,,,,,,,,,,,,,,,,,,,,,,,,,,,,,,,,,,,,,,,,,,,,,,,,,,,,,,,,,,,,,,,,,,,,,,,,,,,,,,,,,,,,,,,,,,,,,,,,,,,,,,,,,,,,,,,,,,,,,,,,,,,,,,,,,,,,,,,,,,,,,,,,,,,,,,,,,,,,,,,,,,,,,,,,,,,,,,,,,,,,,,,,,,,,,,,,,,,,,,,,,,,,,,,,,,,,,,,,,,,,,,,,,,,,,,,,,,,,,,,,,,,,,,,,,,,,,,,,,,,,,,,,,,,,,,,,,,,,,,,,,,,,,,,,,,,,,,,,,,,,,,,,,,,,,,,,,,,,,,,,,,,,,,,,,,,,,,,,,,,,,,,,,,,,,,,,,,,,,,,,,,,,,,,,,,,,,,,,,,,,,,,,,,,,,,,,,,,,,,,,,,,,,,,,,,,,,,,,,,,,,,,,,,,,,,,,,,,,,,,,,,,,,,,,,,,,,,,,,,,,,,,,,,,,
,,,,,,,,,,,,,,,,,,,,,,,,,,,,,,,,,,,,,,,,,,,,,,,,,,,,,,,,,,,,,,,,,,,,,,,,,,,,,,,,,,,,,,,,,,,,,,,,,,,,,,,,,,,,,,,,,,,,,,,,,,,,,,,,,,,,,,,,,,,,,,,,,,,,,,,,,,,,,,,,,,,,,,,,,,,,,,,,,,,,,,,,,,,,,,,,,,,,,,,,,,,,,,,,,,,,,,,,,,,,,,,,,,,,,,,,,,,,,,,,,,,,,,,,,,,,,,,,,,,,,,,,,,,,,,,,,,,,,,,,,,,,,,,,,,,,,,,,,,,,,,,,,,,,,,,,,,,,,,,,,,,,,,,,,,,,,,,,,,,,,,,,,,,,,,,,,,,,,,,,,,,,,,,,,,,,,,,,,,,,,,,,,,,,,,,,,,,,,,,,,,,,,,,,,,,,,,,,,,,,,,,,,,,,,,,,,,,,,,,,,,,,,,,,,,,,,,,,,,,,,,,,,,,,,,,,,,,,,,,,,,,,,,,,,,,,,,,,,,,,,,,,,,,,,,,,,,,,,,,,,,,,,,,,,,,,,,,,,,,
,,,,,,,,,,,,,,,,,,,,,,,,,,,,,,,,,,,,,,,,,,,,,,,,,,,,,,,,,,,,,,,,,,,,,,,,,,,,,,,,,,,,,,,,,,,,,,,,,,,,,,,,,,,,,,,,,,,,,,,,,,,,,,,,,,,,,,,,,,,,,,,,,,,,,,,,,,,,,,,,,,,,,,,,,,,,,,,,,,,,,,,,,,,,,,,,,,,,,,,,,,,,,,,,,,,,,,,,,,,,,,,,,,,,,,,,,,,,,,,,,,,,,,,,,,,,,,,,,,,,,,,,,,,,,,,,,,,,,,,,,,,,,,,,,,,,,,,,,,,,,,,,,,,,,,,,,,,,,,,,,,,,,,,,,,,,,,,,,,,,,,,,,,,,,,,,,,,,,,,,,,,,,,,,,,,,,,,,,,,,,,,,,,,,,,,,,,,,,,,,,,,,,,,,,,,,,,,,,,,,,,,,,,,,,,,,,,,,,,,,,,,,,,,,,,,,,,,,,,,,,,,,,,,,,,,,,,,,,,,,,,,,,,,,,,,,,,,,,,,,,,,,,,,,,,,,,,,,,,,,,,,,,,,,,,,,,,,,,,,
,,,,,,,,,,,,,,,,,,,,,,,,,,,,,,,,,,,,,,,,,,,,,,,,,,,,,,,,,,,,,,,,,,,,,,,,,,,,,,,,,,,,,,,,,,,,,,,,,,,,,,,,,,,,,,,,,,,,,,,,,,,,,,,,,,,,,,,,,,,,,,,,,,,,,,,,,,,,,,,,,,,,,,,,,,,,,,,,,,,,,,,,,,,,,,,,,,,,,,,,,,,,,,,,,,,,,,,,,,,,,,,,,,,,,,,,,,,,,,,,,,,,,,,,,,,,,,,,,,,,,,,,,,,,,,,,,,,,,,,,,,,,,,,,,,,,,,,,,,,,,,,,,,,,,,,,,,,,,,,,,,,,,,,,,,,,,,,,,,,,,,,,,,,,,,,,,,,,,,,,,,,,,,,,,,,,,,,,,,,,,,,,,,,,,,,,,,,,,,,,,,,,,,,,,,,,,,,,,,,,,,,,,,,,,,,,,,,,,,,,,,,,,,,,,,,,,,,,,,,,,,,,,,,,,,,,,,,,,,,,,,,,,,,,,,,,,,,,,,,,,,,,,,,,,,,,,,,,,,,,,,,,,,,,,,,,,,,,,,,
,,,,,,,,,,,,,,,,,,,,,,,,,,,,,,,,,,,,,,,,,,,,,,,,,,,,,,,,,,,,,,,,,,,,,,,,,,,,,,,,,,,,,,,,,,,,,,,,,,,,,,,,,,,,,,,,,,,,,,,,,,,,,,,,,,,,,,,,,,,,,,,,,,,,,,,,,,,,,,,,,,,,,,,,,,,,,,,,,,,,,,,,,,,,,,,,,,,,,,,,,,,,,,,,,,,,,,,,,,,,,,,,,,,,,,,,,,,,,,,,,,,,,,,,,,,,,,,,,,,,,,,,,,,,,,,,,,,,,,,,,,,,,,,,,,,,,,,,,,,,,,,,,,,,,,,,,,,,,,,,,,,,,,,,,,,,,,,,,,,,,,,,,,,,,,,,,,,,,,,,,,,,,,,,,,,,,,,,,,,,,,,,,,,,,,,,,,,,,,,,,,,,,,,,,,,,,,,,,,,,,,,,,,,,,,,,,,,,,,,,,,,,,,,,,,,,,,,,,,,,,,,,,,,,,,,,,,,,,,,,,,,,,,,,,,,,,,,,,,,,,,,,,,,,,,,,,,,,,,,,,,,,,,,,,,,,,,,,,,,
,,,,,,,,,,,,,,,,,,,,,,,,,,,,,,,,,,,,,,,,,,,,,,,,,,,,,,,,,,,,,,,,,,,,,,,,,,,,,,,,,,,,,,,,,,,,,,,,,,,,,,,,,,,,,,,,,,,,,,,,,,,,,,,,,,,,,,,,,,,,,,,,,,,,,,,,,,,,,,,,,,,,,,,,,,,,,,,,,,,,,,,,,,,,,,,,,,,,,,,,,,,,,,,,,,,,,,,,,,,,,,,,,,,,,,,,,,,,,,,,,,,,,,,,,,,,,,,,,,,,,,,,,,,,,,,,,,,,,,,,,,,,,,,,,,,,,,,,,,,,,,,,,,,,,,,,,,,,,,,,,,,,,,,,,,,,,,,,,,,,,,,,,,,,,,,,,,,,,,,,,,,,,,,,,,,,,,,,,,,,,,,,,,,,,,,,,,,,,,,,,,,,,,,,,,,,,,,,,,,,,,,,,,,,,,,,,,,,,,,,,,,,,,,,,,,,,,,,,,,,,,,,,,,,,,,,,,,,,,,,,,,,,,,,,,,,,,,,,,,,,,,,,,,,,,,,,,,,,,,,,,,,,,,,,,,,,,,,,,,
,,,,,,,,,,,,,,,,,,,,,,,,,,,,,,,,,,,,,,,,,,,,,,,,,,,,,,,,,,,,,,,,,,,,,,,,,,,,,,,,,,,,,,,,,,,,,,,,,,,,,,,,,,,,,,,,,,,,,,,,,,,,,,,,,,,,,,,,,,,,,,,,,,,,,,,,,,,,,,,,,,,,,,,,,,,,,,,,,,,,,,,,,,,,,,,,,,,,,,,,,,,,,,,,,,,,,,,,,,,,,,,,,,,,,,,,,,,,,,,,,,,,,,,,,,,,,,,,,,,,,,,,,,,,,,,,,,,,,,,,,,,,,,,,,,,,,,,,,,,,,,,,,,,,,,,,,,,,,,,,,,,,,,,,,,,,,,,,,,,,,,,,,,,,,,,,,,,,,,,,,,,,,,,,,,,,,,,,,,,,,,,,,,,,,,,,,,,,,,,,,,,,,,,,,,,,,,,,,,,,,,,,,,,,,,,,,,,,,,,,,,,,,,,,,,,,,,,,,,,,,,,,,,,,,,,,,,,,,,,,,,,,,,,,,,,,,,,,,,,,,,,,,,,,,,,,,,,,,,,,,,,,,,,,,,,,,,,,,,,
,,,,,,,,,,,,,,,,,,,,,,,,,,,,,,,,,,,,,,,,,,,,,,,,,,,,,,,,,,,,,,,,,,,,,,,,,,,,,,,,,,,,,,,,,,,,,,,,,,,,,,,,,,,,,,,,,,,,,,,,,,,,,,,,,,,,,,,,,,,,,,,,,,,,,,,,,,,,,,,,,,,,,,,,,,,,,,,,,,,,,,,,,,,,,,,,,,,,,,,,,,,,,,,,,,,,,,,,,,,,,,,,,,,,,,,,,,,,,,,,,,,,,,,,,,,,,,,,,,,,,,,,,,,,,,,,,,,,,,,,,,,,,,,,,,,,,,,,,,,,,,,,,,,,,,,,,,,,,,,,,,,,,,,,,,,,,,,,,,,,,,,,,,,,,,,,,,,,,,,,,,,,,,,,,,,,,,,,,,,,,,,,,,,,,,,,,,,,,,,,,,,,,,,,,,,,,,,,,,,,,,,,,,,,,,,,,,,,,,,,,,,,,,,,,,,,,,,,,,,,,,,,,,,,,,,,,,,,,,,,,,,,,,,,,,,,,,,,,,,,,,,,,,,,,,,,,,,,,,,,,,,,,,,,,,,,,,,,,,,
,,,,,,,,,,,,,,,,,,,,,,,,,,,,,,,,,,,,,,,,,,,,,,,,,,,,,,,,,,,,,,,,,,,,,,,,,,,,,,,,,,,,,,,,,,,,,,,,,,,,,,,,,,,,,,,,,,,,,,,,,,,,,,,,,,,,,,,,,,,,,,,,,,,,,,,,,,,,,,,,,,,,,,,,,,,,,,,,,,,,,,,,,,,,,,,,,,,,,,,,,,,,,,,,,,,,,,,,,,,,,,,,,,,,,,,,,,,,,,,,,,,,,,,,,,,,,,,,,,,,,,,,,,,,,,,,,,,,,,,,,,,,,,,,,,,,,,,,,,,,,,,,,,,,,,,,,,,,,,,,,,,,,,,,,,,,,,,,,,,,,,,,,,,,,,,,,,,,,,,,,,,,,,,,,,,,,,,,,,,,,,,,,,,,,,,,,,,,,,,,,,,,,,,,,,,,,,,,,,,,,,,,,,,,,,,,,,,,,,,,,,,,,,,,,,,,,,,,,,,,,,,,,,,,,,,,,,,,,,,,,,,,,,,,,,,,,,,,,,,,,,,,,,,,,,,,,,,,,,,,,,,,,,,,,,,,,,,,,,,
,,,,,,,,,,,,,,,,,,,,,,,,,,,,,,,,,,,,,,,,,,,,,,,,,,,,,,,,,,,,,,,,,,,,,,,,,,,,,,,,,,,,,,,,,,,,,,,,,,,,,,,,,,,,,,,,,,,,,,,,,,,,,,,,,,,,,,,,,,,,,,,,,,,,,,,,,,,,,,,,,,,,,,,,,,,,,,,,,,,,,,,,,,,,,,,,,,,,,,,,,,,,,,,,,,,,,,,,,,,,,,,,,,,,,,,,,,,,,,,,,,,,,,,,,,,,,,,,,,,,,,,,,,,,,,,,,,,,,,,,,,,,,,,,,,,,,,,,,,,,,,,,,,,,,,,,,,,,,,,,,,,,,,,,,,,,,,,,,,,,,,,,,,,,,,,,,,,,,,,,,,,,,,,,,,,,,,,,,,,,,,,,,,,,,,,,,,,,,,,,,,,,,,,,,,,,,,,,,,,,,,,,,,,,,,,,,,,,,,,,,,,,,,,,,,,,,,,,,,,,,,,,,,,,,,,,,,,,,,,,,,,,,,,,,,,,,,,,,,,,,,,,,,,,,,,,,,,,,,,,,,,,,,,,,,,,,,,,,,,
,,,,,,,,,,,,,,,,,,,,,,,,,,,,,,,,,,,,,,,,,,,,,,,,,,,,,,,,,,,,,,,,,,,,,,,,,,,,,,,,,,,,,,,,,,,,,,,,,,,,,,,,,,,,,,,,,,,,,,,,,,,,,,,,,,,,,,,,,,,,,,,,,,,,,,,,,,,,,,,,,,,,,,,,,,,,,,,,,,,,,,,,,,,,,,,,,,,,,,,,,,,,,,,,,,,,,,,,,,,,,,,,,,,,,,,,,,,,,,,,,,,,,,,,,,,,,,,,,,,,,,,,,,,,,,,,,,,,,,,,,,,,,,,,,,,,,,,,,,,,,,,,,,,,,,,,,,,,,,,,,,,,,,,,,,,,,,,,,,,,,,,,,,,,,,,,,,,,,,,,,,,,,,,,,,,,,,,,,,,,,,,,,,,,,,,,,,,,,,,,,,,,,,,,,,,,,,,,,,,,,,,,,,,,,,,,,,,,,,,,,,,,,,,,,,,,,,,,,,,,,,,,,,,,,,,,,,,,,,,,,,,,,,,,,,,,,,,,,,,,,,,,,,,,,,,,,,,,,,,,,,,,,,,,,,,,,,,,,,,
,,,,,,,,,,,,,,,,,,,,,,,,,,,,,,,,,,,,,,,,,,,,,,,,,,,,,,,,,,,,,,,,,,,,,,,,,,,,,,,,,,,,,,,,,,,,,,,,,,,,,,,,,,,,,,,,,,,,,,,,,,,,,,,,,,,,,,,,,,,,,,,,,,,,,,,,,,,,,,,,,,,,,,,,,,,,,,,,,,,,,,,,,,,,,,,,,,,,,,,,,,,,,,,,,,,,,,,,,,,,,,,,,,,,,,,,,,,,,,,,,,,,,,,,,,,,,,,,,,,,,,,,,,,,,,,,,,,,,,,,,,,,,,,,,,,,,,,,,,,,,,,,,,,,,,,,,,,,,,,,,,,,,,,,,,,,,,,,,,,,,,,,,,,,,,,,,,,,,,,,,,,,,,,,,,,,,,,,,,,,,,,,,,,,,,,,,,,,,,,,,,,,,,,,,,,,,,,,,,,,,,,,,,,,,,,,,,,,,,,,,,,,,,,,,,,,,,,,,,,,,,,,,,,,,,,,,,,,,,,,,,,,,,,,,,,,,,,,,,,,,,,,,,,,,,,,,,,,,,,,,,,,,,,,,,,,,,,,,,,
,,,,,,,,,,,,,,,,,,,,,,,,,,,,,,,,,,,,,,,,,,,,,,,,,,,,,,,,,,,,,,,,,,,,,,,,,,,,,,,,,,,,,,,,,,,,,,,,,,,,,,,,,,,,,,,,,,,,,,,,,,,,,,,,,,,,,,,,,,,,,,,,,,,,,,,,,,,,,,,,,,,,,,,,,,,,,,,,,,,,,,,,,,,,,,,,,,,,,,,,,,,,,,,,,,,,,,,,,,,,,,,,,,,,,,,,,,,,,,,,,,,,,,,,,,,,,,,,,,,,,,,,,,,,,,,,,,,,,,,,,,,,,,,,,,,,,,,,,,,,,,,,,,,,,,,,,,,,,,,,,,,,,,,,,,,,,,,,,,,,,,,,,,,,,,,,,,,,,,,,,,,,,,,,,,,,,,,,,,,,,,,,,,,,,,,,,,,,,,,,,,,,,,,,,,,,,,,,,,,,,,,,,,,,,,,,,,,,,,,,,,,,,,,,,,,,,,,,,,,,,,,,,,,,,,,,,,,,,,,,,,,,,,,,,,,,,,,,,,,,,,,,,,,,,,,,,,,,,,,,,,,,,,,,,,,,,,,,,,,
,,,,,,,,,,,,,,,,,,,,,,,,,,,,,,,,,,,,,,,,,,,,,,,,,,,,,,,,,,,,,,,,,,,,,,,,,,,,,,,,,,,,,,,,,,,,,,,,,,,,,,,,,,,,,,,,,,,,,,,,,,,,,,,,,,,,,,,,,,,,,,,,,,,,,,,,,,,,,,,,,,,,,,,,,,,,,,,,,,,,,,,,,,,,,,,,,,,,,,,,,,,,,,,,,,,,,,,,,,,,,,,,,,,,,,,,,,,,,,,,,,,,,,,,,,,,,,,,,,,,,,,,,,,,,,,,,,,,,,,,,,,,,,,,,,,,,,,,,,,,,,,,,,,,,,,,,,,,,,,,,,,,,,,,,,,,,,,,,,,,,,,,,,,,,,,,,,,,,,,,,,,,,,,,,,,,,,,,,,,,,,,,,,,,,,,,,,,,,,,,,,,,,,,,,,,,,,,,,,,,,,,,,,,,,,,,,,,,,,,,,,,,,,,,,,,,,,,,,,,,,,,,,,,,,,,,,,,,,,,,,,,,,,,,,,,,,,,,,,,,,,,,,,,,,,,,,,,,,,,,,,,,,,,,,,,,,,,,,,,
,,,,,,,,,,,,,,,,,,,,,,,,,,,,,,,,,,,,,,,,,,,,,,,,,,,,,,,,,,,,,,,,,,,,,,,,,,,,,,,,,,,,,,,,,,,,,,,,,,,,,,,,,,,,,,,,,,,,,,,,,,,,,,,,,,,,,,,,,,,,,,,,,,,,,,,,,,,,,,,,,,,,,,,,,,,,,,,,,,,,,,,,,,,,,,,,,,,,,,,,,,,,,,,,,,,,,,,,,,,,,,,,,,,,,,,,,,,,,,,,,,,,,,,,,,,,,,,,,,,,,,,,,,,,,,,,,,,,,,,,,,,,,,,,,,,,,,,,,,,,,,,,,,,,,,,,,,,,,,,,,,,,,,,,,,,,,,,,,,,,,,,,,,,,,,,,,,,,,,,,,,,,,,,,,,,,,,,,,,,,,,,,,,,,,,,,,,,,,,,,,,,,,,,,,,,,,,,,,,,,,,,,,,,,,,,,,,,,,,,,,,,,,,,,,,,,,,,,,,,,,,,,,,,,,,,,,,,,,,,,,,,,,,,,,,,,,,,,,,,,,,,,,,,,,,,,,,,,,,,,,,,,,,,,,,,,,,,,,,,
8,,,,,,,,,,,,,,,,,,,,,,,,,,,,,,,,,,,,,,,,,,,,,,,,,,,,,,,,,,,,,,,,,,,,,,,,,,,,,,,,,,,,,,,,,,,,,,,,,,,,,,,,,,,,,,,,,,,,,,,,,,,,,,,,,,,,,,,,,,,,,,,,,,,,,,,,,,,,,,,,,,,,,,,,,,,,,,,,,,,,,,,,,,,,,,,,,,,,,,,,,,,,,,,,,,,,,,,,,,,,,,,,,,,,,,,,,,,,,,,,,,,,,,,,,,,,,,,,,,,,,,,,,,,,,,,,,,,,,,,,,,,,,,,,,,,,,,,,,,,,,,,,,,,,,,,,,,,,,,,,,,,,,,,,,,,,,,,,,,,,,,,,,,,,,,,,,,,,,,,,,,,,,,,,,,,,,,,,,,,,,,,,,,,,,,,,,,,,,,,,,,,,,,,,,,,,,,,,,,,,,,,,,,,,,,,,,,,,,,,,,,,,,,,,,,,,,,,,,,,,,,,,,,,,,,,,,,,,,,,,,,,,,,,,,,,,,,,,,,,,,,,,,,,,,,,,,,,,,,,,,,,,,,,,,,,,,,,,,,,
373072.6,185477,140563.4,148570.2,157201.6,148151.2,149871,154104,354075.2,156360.6,183575.6,269296.8,429271.8,421213.8,533778.8,462623.4,564053.8,462856.8,494604.8,465655.8,464075.2,491049.4,496998.8,554997,437675.8,455674,421998.4,325268.8,357561.4,360896.8,354982.2,524901,650618.8,470574.4,342412,373496,472487.8,588213.8,495311.2,699718.8,805214.8,493078.6,333942.6,254048,433145.2,356298.2,481229.4,611200.6,324168.2,374566.6,290360.4,461745.6,741759.6,337239.2,429448.2,314987,617877.4,364186.8,518643.6,511035.8,445775.6,885978,884394.8,581384.4,534405.4,682017,506937.8,578295.6,498370.4,466857.8,526568.2,417880.2,351688,357149,476825.6,356810.2,315891.6,305910.2,359090.2,555966.2,729376,784910.2,485671.6,519739.8,565968.8,336965.4,246665.8,300037.4,486557.8,495234,597251.2,489366.4,547938.2,530397.2,475131,413063.2,395099.6,407920,2012180.8,635957.8,1563502.6,1089992.6,902627.4,783650.8,768018,580656.4,541443,492479.8,460273.8,448039.2,440496.6,442800.6,505886.6,483539.6,464340.2,543538.2,417361.8,330040.6,312101.8,730201.8,700019.2,629491.2,583584.2,582796,575017.6,575987,584300.6,581092.8,579147,575280.4,599976.2,640304.6,607193.8,508677,494579.8,488053.4,489359.4,519892,692431.6,2170138.6,1941726.4,1380596.6,1280760,1537728,1595232.8,1226135.8,1081034.2,2759563,2655893.8,1836727,1195036.8,1568806.6,1497392.4,1441003.8,1446763.6,1425333.6,1400946.6,1398640.8,1398823,1392611.2,1368302.6,1343603.6,625928.2,633078.6,568955,487172.8,471679.4,471731.6,467535.2,465481,462620.6,459912,461500.6,471473.6,513825.4,496454.8,467644.8,459347.4,463482.8,454318.6,449886.6,455822.6,448248.6,444059.4,447188.6,443164.2,593800,587390.2,575589.4,566615.8,564492.8,561391.6,555452.8,556552,556730.4,556713.6,552874.2,553686,550934.4,770882.6,793920,639178.8,639423.8,625159,607874.6,595081.2,596167.6,589598.8,591657.2,598866.6,588313.4,562944.8,543975.6,527060,522855.2,584578.8,526626,463604.4,449224.4,451829.4,459139.4,439944.4,431973.6,432054.6,429485.2,434229.8,431088.4,679574.2,1701612,1942401.4,1677460.4,1606685.4,1574527.4,1531758.6,4725859.8,553030.8,466651.6,417226.2,2231843.8,1556350.4,1500684.4,1439639,1416697.2,706771,612883.6,553071.2,543381.6,531229.2,520800,522097.8,520494.8,522733,520530.6,517222.2,516352.8,536494.4,518253.2,510138.4,510494.4,511270.6,508949.2,508633.4,510145,504956.6,502811.4,498949.2,1775311.8,1532653.4,1462138.8,1470738,1440714.4,1414233.8,1415177.4,1388336.4,1402353.2,1396124.2,1377106.6,1372679.4,1358912.2,1348565.6,1350227,1346223.8,1349996,1339587.4,1337920,1351792.4,1333693.6,1333677,1324514,1316252.8,1307354.6,1315000.4,1317906.4,1320746.2,1310599.4,1294225.4,1333144.6,1308181.6,1309672.4,1313932.6,1296351.2,1293906.4,1276804,1263306.2,1272274.4,1265644,1265677.4,1259879.2,1258261.4,1263259,1252433.2,1246345,1247681.8,1248268.4,2201822.2,2835327.4,1982078,1982745.6,2872579.4,2625718.8,2473832,2460818.4,2466254.4,2455781.6,3134716,3565816.8,2275168,2238648.4,2216781.6,2191352.2,2189909,2174012.6,2178889.2,2170168,2164743,2171208.6,2165708.4,2200036.8,2186516.8,2163325.2,2145103,2167548.2,2158717.8,2129537.8,2117028.8,2113608.2,2107627.2,2099277,2100337.8,2085786,2082279.6,2093943,2082489.4,2076841.8,2058066.6,2064690.2,2077994.8,2046160.4,2036541.8,2036064.6,2076950.2,2040719.4,2015858.6,2014328.2,2038567.8,2037165,2030843.8,2003541.4,1998058.2,1988379.2,1991429.6,1993148.2,1999118.8,1988222.2,1977883.8,1994458.6,1983349.8,1993312.6,1980559.8,1976146.4,2051630.6,2406847.8,2010455.6,1992520.2,1981556.4,1973317,1969223.8,1967060.8,1964913.6,1967534,1987462.4,1996484.2,2006889.2,4919537,6474949.6,4339846.6,4107902.6,4097106.8,4032841.4,3963733.4,3955012,3914450.6,3889191.4,3841905,3799182,3784196.4,3825286.8,3809956.2,3747804.4,3756296.4,3721549.2,3736190.4,3731581,3746226.4,3733967.8,3725788,3679886.6,3679395.4,3722384.2,3708627.4,3690622.6,3715606,3639815.6,3619859.8,3603892.2,3584338,3588725,3564290.2,3550959.8,3547623.2,3559726.2,3549432.2,3536485.6,3563121.8,3535796.2,3522469,3530137.4,3521570,3506740,3511714,3502738.4,3489876.8,3482931.8,3469166.6,3455271.6,3461326,3478148.2,3478791.8,3541715.8,3619672,3560973.4,3523512,3524625.4,3512479.6,3498639.2,3506976.2,3486390,3502061.6,3491835,3503017.2,3522985.6,3487207.8,3481068.2,3479629.8,3454332.8,3448856.8,3436490.2,3424157.8,3471225,3465693.2,3424694,3447410.8,3418852.6,3412060.6,3408420,3406713.4,3401247.2,3450947.8,3441540.6,3402792,3396098.2,3398327.2,3393265.2,3387065,3376334,3366873.8,3387796.4,3364952.4,3378566.4,3354643.4,3371441,3345695.2,3338012,3329530.2,3326312.8,3329033.8,3329033.6,3321798.8,,,,,,,,,,,,,,,,,,,,,,,,,,,,,,,,,,,,,,,,,,
47554.3992686271,24214.1389171699,5240.70518155715,23188.0935115417,13499.669951521,11488.7922646377,6776.16418041948,19853.7193744648,55774.6367285346,16936.379196865,26694.4622309572,79631.2043435235,59568.4883281421,38563.5888138021,66985.3900541006,30827.0957568176,239778.261382678,62530.5623211562,60508.2866490202,47393.3667056899,84076.4854861334,43091.5874365287,38889.1813452019,108225.957928309,80905.2193229831,91027.6981445758,62389.7377482868,34310.0328504652,62313.3046210839,52758.6074844665,51813.9398492336,139727.099816034,131071.760357447,86000.4639539811,73069.3769509498,61709.5887362734,73740.1977634994,116505.68526557,70667.3895138345,134339.433595278,116205.964200208,84261.1047536169,79670.770033934,56755.794739392,94804.7802470951,55743.900094091,69869.4456060731,27731.5713096103,25197.260172487,53585.5032009591,55045.6217541414,38134.4109473321,10660.8267174737,18746.3280991238,28001.497115333,5771.97977300683,22514.137109825,10857.1323654085,27946.5541847291,36311.2742987629,21601.1357294009,23017.1854599992,36528.7630669312,36022.8230751006,27687.6954313645,19435.5040454319,35405.2181210623,29481.5446050576,25474.8264822354,10566.6720730796,21683.4219670236,27619.6351568952,5513.66597646249,36908.166216977,16970.4987934945,12103.8557369129,13169.7085692888,5513.0287229435,5972.31602479306,13196.9307302873,22738.0892886803,113101.460740788,14024.3671087147,14627.8708532718,17147.2220111597,13542.6902534172,23354.2977672205,28107.9528479041,13316.1855912269,13523.5517339196,7217.977050393,7114.46331777739,10771.0124036694,10406.9059619082,16338.3952088325,11400.5998833395,9030.31781279042,27034.7006456517,37047.8472950858,11144.0361718724,48542.1825508495,6509.15526777477,21547.9671384565,28156.1424151108,25084.6448051393,14147.2207977397,13613.077407405,15290.1804338602,16843.6892395936,20210.5794993612,18183.4858264305,10780.7739193436,10545.6684377995,8763.19541035118,14071.863636349,18991.3179031893,10382.5219094399,16962.581224566,13594.0962075454,46733.5340382043,29728.2334523934,33517.9031891913,23233.7527575723,22259.0155667316,21743.6102637074,13593.3424329706,37046.1908743666,45129.3039354697,49240.5516469911,51897.9099848925,58941.3251776714,40643.4751011771,31550.2306917081,14135.030031804,19902.3257108309,19619.024817763,20118.0570085682,26368.7074294513,22411.2215709006,38611.9023139239,528879.378746515,381454.135036311,358054.802912208,31320.7431983981,31113.1004112416,24132.5697181216,39660.9448916689,682759.968685189,664863.334227945,460485.8217079,32840.0508556244,39604.0098891514,30835.5172455401,26205.1305892567,25444.3952138777,28932.9058478404,21043.2422715702,21249.9876399964,14543.1248017749,31602.8273687656,19595.6592463739,36813.5189882739,20889.905042867,18057.0615494327,9488.42031109499,5650.74744613489,3133.57540199689,13372.6076851151,9266.13539724086,6638.99664859081,8600.36852698767,4906.00514675637,5026.28767581005,7311.18060233777,12738.6670142523,54199.4321437042,14319.9503735174,7367.67577326799,9888.78873775752,3804.77112320833,1908.7410248643,8444.87911695603,3486.06788516804,3930.56997139092,10149.7337551288,10485.4261096057,10489.9086268661,4498.29981215125,11560.0285812795,2045.93724243927,5807.84187112563,8132.12009871964,7194.22582353376,6120.0831285204,10948.3803733703,8784.38394538854,12236.2076314518,8745.69734212201,7807.90053727633,15181.4182242635,12093.7469999996,18421.7025733237,10939.2206852225,12381.8767155872,14317.6812124031,12039.9274790175,8387.05265871152,11404.7520008109,14706.6684092625,15457.2063226186,9508.03890400118,6126.03637762624,8052.06354296835,4147.02562085165,4002.73402813627,12352.8664972953,7486.89979230389,7654.59625323243,7204.40797706515,1980.1057547515,52559.4299892988,6832.70256194429,5235.56547089233,4262.60674939643,6098.57042264825,3870.01746766084,5864.13278328518,12302.8360836028,21479.537995497,26098.2923732569,25369.3806842028,53715.7062952727,25748.5708108237,32734.9062057615,90685.7442087785,25465.5965706677,14241.9868452404,10869.5474468811,31044.7124918238,23951.661138635,22864.8322823501,31616.7468993886,36992.197889555,10983.766771923,14590.8031924223,13087.6375522857,18855.849153512,5782.28464363352,8281.57282766987,8817.4922285194,5754.12875246983,5901.04236554865,4892.52070000731,8171.33512346667,10917.9788514175,49961.0282800504,14636.8207169453,11566.2145838645,6814.21641129778,9043.22842241641,12681.6411674515,6893.20450153628,4284.8102641774,8424.00405389266,9876.18328606755,7351.74004573067,30297.7469657399,26514.8237180638,28646.0891170156,25717.7081307802,28918.4664842381,29581.1825693294,23256.8774623766,19674.7244783758,18191.3178247207,7143.58640320113,6634.88084293908,7405.323679624,21549.9451901855,16436.0998354232,33211.8862156307,19515.2617891741,29039.0421760085,24440.2544340275,26486.5034026766,43716.7918688003,32698.8031019485,23938.2949163051,29265.9952760879,31482.4058912276,21996.0385706154,33329.5229233783,31082.2507357495,34779.8794951909,24935.4103395152,23938.5948062955,64704.8449291087,31965.7567296631,32916.8567499997,32583.2895024428,23359.5612587223,37758.2245980925,18877.4097269726,22310.8764776286,23794.0863619514,27711.5662314493,21397.4296657332,32258.4127972844,20965.1463219316,28423.0125602477,21316.9608926789,26939.4174305979,33522.6098506665,50601.2335254784,66278.7520077136,50058.267831598,18332.5428678075,22386.0283279549,52606.9832940457,39957.7235300011,39339.0743472695,27622.5665860361,64651.2423956416,63715.7134488817,34375.0488654198,71230.5458227017,62262.7796640979,55054.6283367711,47880.5499947526,51162.4798138245,55120.4136550153,55902.3565093637,52910.551851214,51652.5912902731,42316.8029628893,47524.0742918786,58418.8501281906,123892.729773381,100357.649440389,74692.9034895552,55257.8052676724,58639.7080117219,38847.5091376526,36927.1346126395,30061.4311485664,24506.9320948176,11140.1456992267,25056.6555130568,38775.5781091656,17871.7200906908,21552.3971822162,29530.1962827882,34423.5404091444,36587.3568968845,27959.8228231153,26892.8916202777,23616.9601388494,35975.2603645894,35144.8100606619,22313.1358015856,100551.572716194,24269.5633108633,35050.3648597272,38691.1264077437,79534.4604413709,67810.3442551356,55237.1830536279,41146.7035714892,49941.4401244097,43940.808347139,30055.1795835593,27063.7680894586,45748.8357633284,44093.7584948255,44334.4932157795,47444.8382945922,40445.3755910364,62149.2181471336,57575.6314485564,62557.3168006749,54661.4182289483,62388.7919557672,77621.8978465484,63775.6834749734,49810.79156468,51148.8974758987,49358.7954846955,62902.8253157201,43198.692587855,66763.3341325911,84555.1514710961,83879.9370570818,97795.6252891713,134182.488501667,162191.831916099,123016.812713954,108883.622215648,107037.710783163,101796.468358681,102478.675485683,103809.563783883,123394.757197379,143045.777792635,108011.422294126,83339.6634922412,59551.7509255605,48640.595131022,58106.6532825631,65176.5442954749,83998.4163588814,79215.910129847,96910.4091509266,123060.419954996,121026.048247061,112277.717527566,90372.7461765991,98030.1184804956,91160.512025767,111067.767161315,128436.526563902,133291.295065732,125255.523481003,111479.39159459,102424.328856478,102517.659650423,103672.12687362,94709.0629216655,86809.9600460685,100943.391733684,92582.07711647,93765.0092395879,108680.901648818,103584.820844079,108268.678615747,91724.9546126898,95342.9586492888,95940.6504501611,108211.629405069,100444.412268677,89959.7741548966,79400.4956111736,75546.4807697883,71161.2225984068,71678.4413076903,70072.9071631826,72861.1567778058,73324.4655057233,82847.9293175152,94978.183124863,105975.906304216,80302.245331622,71125.0324463898,84967.3704477195,62028.6983000611,63480.2099531815,58602.2772910746,53629.0673282689,52310.076560831,54165.723511276,61198.7963786871,85758.8005647234,72367.6273529815,65871.8472581421,59234.5668144876,46393.4309272337,18769.766106694,14210.2636569488,13923.8008352605,83699.1905217727,71494.2657924396,15878.4209227492,73568.281706181,36888.9071171809,32349.3242015965,27921.197368666,35462.8190828084,33387.9772328304,78591.1238353289,59197.3678494239,31344.2215647478,27178.3826358376,27954.5774283927,28924.6024294198,35044.3135330113,24171.3454321434,30647.9496736731,36792.1472980309,34834.868706513,40530.0342560921,31102.6589104533,31471.9500666864,27947.9004971751,33103.1409612441,30505.3237845462,24172.1287995079,35517.5827330634,35478.2134809519,28381.2741909168,,,,,,,,,,,,,,,,,,,,,,,,,,,,,,,,,,,,,,,,,,
,,,,,,,,,,,,,,,,,,,,,,,,,,,,,,,,,,,,,,,,,,,,,,,,,,,,,,,,,,,,,,,,,,,,,,,,,,,,,,,,,,,,,,,,,,,,,,,,,,,,,,,,,,,,,,,,,,,,,,,,,,,,,,,,,,,,,,,,,,,,,,,,,,,,,,,,,,,,,,,,,,,,,,,,,,,,,,,,,,,,,,,,,,,,,,,,,,,,,,,,,,,,,,,,,,,,,,,,,,,,,,,,,,,,,,,,,,,,,,,,,,,,,,,,,,,,,,,,,,,,,,,,,,,,,,,,,,,,,,,,,,,,,,,,,,,,,,,,,,,,,,,,,,,,,,,,,,,,,,,,,,,,,,,,,,,,,,,,,,,,,,,,,,,,,,,,,,,,,,,,,,,,,,,,,,,,,,,,,,,,,,,,,,,,,,,,,,,,,,,,,,,,,,,,,,,,,,,,,,,,,,,,,,,,,,,,,,,,,,,,,,,,,,,,,,,,,,,,,,,,,,,,,,,,,,,,,,,,,,,,,,,,,,,,,,,,,,,,,,,,,,,,,,,,,,,,,,,,,,,,,,,,,,,,,,,,,,,,,,,
16,,,,,,,,,,,,,,,,,,,,,,,,,,,,,,,,,,,,,,,,,,,,,,,,,,,,,,,,,,,,,,,,,,,,,,,,,,,,,,,,,,,,,,,,,,,,,,,,,,,,,,,,,,,,,,,,,,,,,,,,,,,,,,,,,,,,,,,,,,,,,,,,,,,,,,,,,,,,,,,,,,,,,,,,,,,,,,,,,,,,,,,,,,,,,,,,,,,,,,,,,,,,,,,,,,,,,,,,,,,,,,,,,,,,,,,,,,,,,,,,,,,,,,,,,,,,,,,,,,,,,,,,,,,,,,,,,,,,,,,,,,,,,,,,,,,,,,,,,,,,,,,,,,,,,,,,,,,,,,,,,,,,,,,,,,,,,,,,,,,,,,,,,,,,,,,,,,,,,,,,,,,,,,,,,,,,,,,,,,,,,,,,,,,,,,,,,,,,,,,,,,,,,,,,,,,,,,,,,,,,,,,,,,,,,,,,,,,,,,,,,,,,,,,,,,,,,,,,,,,,,,,,,,,,,,,,,,,,,,,,,,,,,,,,,,,,,,,,,,,,,,,,,,,,,,,,,,,,,,,,,,,,,,,,,,,,,,,,,,,
,,,,,,,,,,,,,,,,,,,,,,,,,,,,,,,,,,,,,,,,,,,,,,,,,,,,,,,,,,,,,,,,,,,,,,,,,,,,,,,,,,,,,,,,,,,,,,,,,,,,,,,,,,,,,,,,,,,,,,,,,,,,,,,,,,,,,,,,,,,,,,,,,,,,,,,,,,,,,,,,,,,,,,,,,,,,,,,,,,,,,,,,,,,,,,,,,,,,,,,,,,,,,,,,,,,,,,,,,,,,,,,,,,,,,,,,,,,,,,,,,,,,,,,,,,,,,,,,,,,,,,,,,,,,,,,,,,,,,,,,,,,,,,,,,,,,,,,,,,,,,,,,,,,,,,,,,,,,,,,,,,,,,,,,,,,,,,,,,,,,,,,,,,,,,,,,,,,,,,,,,,,,,,,,,,,,,,,,,,,,,,,,,,,,,,,,,,,,,,,,,,,,,,,,,,,,,,,,,,,,,,,,,,,,,,,,,,,,,,,,,,,,,,,,,,,,,,,,,,,,,,,,,,,,,,,,,,,,,,,,,,,,,,,,,,,,,,,,,,,,,,,,,,,,,,,,,,,,,,,,,,,,,,,,,,,,,,,,,,,
,,,,,,,,,,,,,,,,,,,,,,,,,,,,,,,,,,,,,,,,,,,,,,,,,,,,,,,,,,,,,,,,,,,,,,,,,,,,,,,,,,,,,,,,,,,,,,,,,,,,,,,,,,,,,,,,,,,,,,,,,,,,,,,,,,,,,,,,,,,,,,,,,,,,,,,,,,,,,,,,,,,,,,,,,,,,,,,,,,,,,,,,,,,,,,,,,,,,,,,,,,,,,,,,,,,,,,,,,,,,,,,,,,,,,,,,,,,,,,,,,,,,,,,,,,,,,,,,,,,,,,,,,,,,,,,,,,,,,,,,,,,,,,,,,,,,,,,,,,,,,,,,,,,,,,,,,,,,,,,,,,,,,,,,,,,,,,,,,,,,,,,,,,,,,,,,,,,,,,,,,,,,,,,,,,,,,,,,,,,,,,,,,,,,,,,,,,,,,,,,,,,,,,,,,,,,,,,,,,,,,,,,,,,,,,,,,,,,,,,,,,,,,,,,,,,,,,,,,,,,,,,,,,,,,,,,,,,,,,,,,,,,,,,,,,,,,,,,,,,,,,,,,,,,,,,,,,,,,,,,,,,,,,,,,,,,,,,,,,,
1123170.28571429,529998.428571429,130799,113955.857142857,109233.857142857,106408.571428571,100226.714285714,95756.5714285714,284074.285714286,136999.571428571,293618.428571429,808717.857142857,393224.142857143,455485.285714286,502230.857142857,458238,445155.142857143,415235.714285714,488706.428571429,513132.571428571,443667,549670.142857143,625419.857142857,557010.571428572,462534.857142857,452792.428571429,434873.285714286,359687.142857143,409194.285714286,394192.714285714,402952.571428571,521342.142857143,661118.428571429,419744,363310.428571429,366364.285714286,425132.428571429,547175,513704.571428571,758119.285714286,959768.857142857,441950.285714286,316602.857142857,207240.571428571,318241,294516.571428571,389447.285714286,516434.714285714,258758.428571429,373121.428571429,224400.285714286,399310.714285714,872384.857142857,279683.428571429,375122.142857143,214315.285714286,942069.857142857,325249,636182.285714286,428900.142857143,736162.857142857,908431.285714286,813949.857142857,460182.142857143,762174.571428572,846317.857142857,428463.571428571,427495,434096.428571429,426301.285714286,645046.571428571,481935.285714286,356615.714285714,366804.571428571,489829.285714286,350088.428571429,261481.285714286,247729.714285714,241215.571428571,746441.857142857,878796.714285714,761142.857142857,382532,636609.285714286,576365.285714286,263957.285714286,230620.571428571,281191.428571429,500100,674193.428571429,960619.285714286,605079.857142857,572999.857142857,555999.571428572,457229.285714286,401559,391175.428571429,388559.857142857,2922338.14285714,723325.285714286,1763094.14285714,887177.714285714,633936.857142857,887451.285714286,1337579.42857143,680541.285714286,686556,744695.571428572,738087.142857143,701419.857142857,698571.571428572,684901,580457,569799.714285714,566433.571428571,775118.142857143,672378.571428571,398101.857142857,371766.571428571,731074.142857143,709596.857142857,620910.571428572,574045.142857143,561471.857142857,555649.571428572,551064.285714286,549875,541549.571428572,534881.142857143,531601.285714286,768355.428571429,714820.714285714,955727.857142857,605900,593908.571428571,579509.428571429,609823,666813.142857143,659043.571428571,3006399,2543520.57142857,1758183.28571429,1658630,1405963.71428571,1525126.85714286,1177846.14285714,1350627.42857143,2657104.14285714,2551787,2010032.85714286,1480699.57142857,2373371.28571429,1938696.28571429,1976013.71428571,1910628.57142857,1926571.57142857,1945509.28571429,1839605.57142857,1854799.85714286,1800239.28571429,1786037.42857143,1762917.14285714,831471.571428571,790681.428571429,968332.428571429,677377,648738.571428572,626897.714285714,622599.428571429,656784.571428572,659696.857142857,659807.428571429,657677.857142857,547051.857142857,664348.571428572,599031,575745.857142857,573296.428571429,566621.571428571,572828.857142857,565855.857142857,562289.142857143,557939,557747.714285714,558555.571428571,551942.428571429,643506.571428572,633884.714285714,693481,662507.714285714,664243.428571429,628122.714285714,616202.857142857,646281,630644.285714286,618791,615102.285714286,605481.857142857,604455.142857143,986230.714285714,1040974,844740.285714286,755312.285714286,920366.285714286,712252.285714286,813395.857142857,692465.142857143,641234,714990,880988.714285714,682026,677833.571428571,662859.571428572,660456.571428572,688699.571428572,717436.428571429,617892,568304.285714286,553630.857142857,558939.285714286,542530.571428572,536539.714285714,524832.142857143,533670.285714286,526515.714285714,522087.428571429,526061.714285714,694959.857142857,1915014.57142857,2490260,1658457,1573829.85714286,1561935.14285714,1508242,4753914,597838.428571429,537524.714285714,508841,2696567.14285714,1831413.14285714,1765472,1715000.57142857,1693784.57142857,737741.571428572,634144.857142857,585023.142857143,569666,564737.857142857,559699.285714286,560477,561747.142857143,558114,554648.571428572,552815.857142857,554128.142857143,546529,546337.714285714,547226.571428572,546121.428571429,542381.142857143,543444.142857143,540860.142857143,539872.714285714,540025.857142857,535921.857142857,533748.571428572,1649566.14285714,2078465.71428571,1507682,1508243.28571429,1492088,1476478.42857143,1470708.28571429,1447993.42857143,1461158.14285714,1435862,1432705,1430947.42857143,1418626,1404739.57142857,1397122.42857143,1382659,1390056.42857143,1383698.14285714,1375098,1393402,1360603.42857143,1363206.85714286,1351135.57142857,1347049,1342159.71428571,1332206.42857143,1339906.42857143,1325037.14285714,1324144.42857143,1322144.85714286,1322823.28571429,1310867.42857143,1334961.42857143,1312078.71428571,1306254.14285714,1304124,1305839.42857143,1302816.14285714,1290756,1287191.28571429,1297784.28571429,1306360.42857143,1291173.85714286,1284844.57142857,1268042.42857143,1269971.14285714,1269148,1268441.85714286,2150710.42857143,2750115.57142857,1951511.42857143,1947866,2800070.28571429,2574658.28571429,2414002.42857143,2398328.57142857,2390469.85714286,2366004.71428571,3310041.71428571,3800821,2480014,2353870,2359010.28571429,2502219.71428571,2499235,2480143.28571429,2499149,2504114.71428571,2493501.28571429,2483241.28571429,2470145.71428571,2451935.71428571,2472503,2464029.85714286,2500539.14285714,2487632.85714286,2465056.71428571,2455874.57142857,2442706.28571429,2433641.85714286,2421108.14285714,2389089.14285714,2395655.71428571,2384843.28571429,2386121.57142857,2361674.42857143,2361174.42857143,2356427.71428571,2353442.57142857,2361032.57142857,2352348.14285714,2350093.71428571,2354569.71428571,2339321.42857143,2329050.14285714,2329896.14285714,2314386.14285714,2314934.85714286,2320048,2305611,2314622,2297884,2289329,2275992.28571429,2278735.57142857,2258931,2288846.14285714,2270051,2263316,2251352.42857143,2246256.28571429,2250225.71428571,2262622.57142857,2249069.14285714,2037633.28571429,2006272.71428571,1946870,1934511.57142857,1923983.85714286,1938373.28571429,1920065.42857143,1918730.28571429,1912111.14285714,1911504,1943456.14285714,1913920.85714286,1907936.71428571,6187752.85714286,7399459.28571429,4461426,4045551,4024282.28571429,3948889.42857143,3908700.42857143,3922836.85714286,3830186.42857143,3826009.57142857,3822655,3767018.14285714,3755957.57142857,3776349,3754695.28571429,3707137.28571429,3699863.28571429,3673660.57142857,3660185.14285714,3685643.57142857,3661418.85714286,3667660,3681705,3646882.85714286,3640745.42857143,3650763.28571429,3627829.85714286,3617829.57142857,3635915.14285714,3579443,3561663.57142857,3557919.14285714,3540383.71428571,3552692.28571429,3542183.28571429,3532843.71428571,3546129.28571429,3533599.85714286,3504037.28571429,3505952.85714286,3485535.28571429,3492981,3488960.85714286,3503001,3482730.57142857,3469287.28571429,3474103,3481681.57142857,3458063.85714286,3772826.42857143,3455927,3449664.42857143,3461244,3469217.14285714,3443393.57142857,3526988.57142857,3748188,3520569,3503463.57142857,3502854.85714286,3506096.42857143,3496651.28571429,3644360.71428571,3528100.85714286,3516123.14285714,3507159.14285714,3509590.28571429,3499642.85714286,3497140.71428571,3474577,3472747,3453150.71428571,3480520.14285714,3466345.28571429,3470493.42857143,3494023.28571429,3477518.85714286,3475250.14285714,3483834.42857143,3467495.85714286,3445955,3443969.14285714,3452120.57142857,3462013.28571429,3463758.57142857,3449936.14285714,3416711.14285714,3410039.57142857,3423932.57142857,3406656.42857143,3416150.42857143,3408430.71428571,3416381.42857143,3400041,3391857,3390301.85714286,3525541,3524642,3348878.57142857,3347225.14285714,3351272.14285714,3359948.42857143,3357065.85714286,3350720,3334882.42857143,3315911.28571429,3302745,3322502.85714286,3307716.57142857,3309641.28571429,3324823.85714286,3297273.42857143,3395564.57142857,3326988.14285714,3284294.14285714,3265558.71428571,3300474.57142857,3358824.14285714,3347660.42857143,3260116.28571429,3252100,3284999.42857143,3284987.85714286,3253221,3242736.14285714,3374246.85714286,3379200.28571429,3379085.57142857,3382803.85714286,3381341,3385984.28571429,3371068.85714286,3375024.42857143,3364776.85714286,3353811.28571429,3356199.42857143,3340571.42857143,3365039,,,,,,,,,
466499.559759962,354155.62042265,10415.4542867798,8360.95539653556,6988.58174521296,5683.68096269612,5822.11819169752,2528.11054987335,5570.30106051387,66093.6294884188,135628.657082316,1492756.34927946,6418.69382944774,53650.8301697631,22418.5399720006,18353.1892233112,9035.1184539103,8369.17886681614,18947.8052806224,12074.419942688,14126.6174295194,97025.3636245502,28023.7913591801,28682.4940039341,22208.2298891542,13951.8202379611,14775.6841772137,14985.3578805954,33164.2314686284,34497.4613738184,12253.2554702433,28977.4256760245,60476.2803443277,31477.6849582896,6416.04802707354,36057.4472738263,20470.4295904861,70391.9993938705,16966.3839582584,81162.5489367157,39141.4541138019,75999.8193522289,70862.8681690408,27630.1378260354,62281.1209222613,43779.399515667,72294.0418031673,73624.6378999908,16695.750286197,28892.8290172328,11430.5732535495,62612.8966872755,142556.534866497,47071.833644113,32818.7670773323,21642.9121324148,35781.8169392806,49545.8880937662,121139.2660752,60263.9803957792,1193617.29742485,24228.258643674,46986.055769872,16470.6738318804,17144.4337794821,131615.439237992,44726.2490522704,95112.3731505703,96390.4825987454,94094.8761724291,96046.8485182399,88882.3757327895,83632.7639060878,39592.0786136871,44090.9232295956,77779.5247818198,8486.70622629466,5085.56442997516,3266.79500719706,131660.120602796,115080.140339554,92876.4243720809,52343.50531505,105764.51448653,87106.0264729414,17667.2867631515,12193.2881244443,28846.2702086835,101820.828596118,48782.341948213,15349.7953049792,13708.1048341066,10011.82679682,20387.2335368415,11631.6157478126,5685.36445621563,7387.71741602558,6712.27175722625,54937.2522350987,23025.0238198522,44358.7110702004,107391.412908907,151432.18422056,27747.8218947859,52522.1967230908,56614.6952322283,16319.5706949254,47083.7579598214,48478.1723267581,29764.3286022523,33985.8733979141,22056.9096127873,55101.0798321291,49893.3997963468,45974.7377475107,50671.3876378263,38064.4597135663,54165.2561901341,59943.3040682531,102757.521694568,166792.339987411,118310.241155556,126221.237029047,97267.9363364046,97701.9732636913,87439.0370671938,71110.7622492311,60028.4543525184,59062.5556604424,58110.7998445335,32574.7199315519,102296.893847784,185834.046638776,121981.663419822,102758.848531983,120986.761924404,168292.199611271,29491.4532558648,39885.7670264183,610893.552330246,580296.168468842,462121.26079732,436289.240548821,210204.931196293,110407.080896756,192383.744686177,540765.428521418,685908.28243564,697398.029989092,629468.360802042,496339.857356448,862725.838453274,662585.091350214,820309.880414045,716431.109563429,743950.673997019,805814.707823437,643729.879715827,677936.250519036,614177.445009913,632319.138735828,578537.078299057,225945.995611678,167469.00270185,196159.074911033,158869.53666662,160797.451682603,158019.761216453,159944.524899372,173122.748273065,190274.30126568,190804.591568492,186178.048590078,133777.429244035,202897.140582658,160778.656335348,149842.840612455,144432.873897481,149813.314714077,158996.678321098,154429.243589018,143683.530915955,144811.483540959,147343.494222078,149065.002433901,138986.002461707,65740.8185955959,93460.7622404795,211551.711263858,161485.888865162,182586.516078321,125784.180763076,119584.110604808,170762.157255835,144124.455144057,128922.908420756,125591.195562845,111915.673840365,112847.703746286,332993.458163327,386086.483969589,330632.503777086,186600.528210859,152990.35173796,150902.138703327,423638.929073422,159646.742297307,83514.1759543452,131035.418898861,172435.736618713,87851.2110028466,113274.740713096,120341.63117123,128672.514929513,173119.264313996,149635.450390671,130610.558704111,150907.527714507,156617.203028519,152248.168650961,152735.462796363,155223.787302628,153017.673877267,154022.868946697,150337.030406921,154107.404467206,158837.371581454,32479.4002994132,27105.201953728,32979.3891089571,33263.4054881136,30641.4666393357,50863.8799196069,49657.2772545307,114673.835269138,112736.39203596,128691.151707896,145595.171492739,681358.762544234,477422.128464398,490688.772799351,483468.064055548,494864.068539654,60681.4009145503,50275.9991494569,74255.4667424753,82353.2426481597,77567.1931605722,76351.5852066703,76512.2840333498,77828.8485019717,76720.9812589316,75178.7093439296,77965.0407157562,76760.8404014889,77562.023881966,76365.078654479,75104.3312263173,73021.5075254251,76174.9833463029,76155.9890541087,75701.033983314,74326.291390764,76482.2447465828,72031.8035232322,79116.8409481764,196483.367831672,391421.918194299,228287.805448882,209988.300823097,198182.661266486,214322.853415011,215314.598682729,213692.38407491,220706.416396253,199290.080581883,191680.674228433,191618.42045139,190276.155611609,190071.477586597,188362.996074828,187008.024381308,189163.267668309,195375.313719883,173428.948102674,172175.653244005,170208.841048144,165290.329709503,161088.423218282,149697.883969681,157830.32112759,152085.227638822,156763.181832616,142374.61461631,139857.351715784,146923.884479264,142088.426316988,137885.68588612,129967.041156412,131004.787787463,132204.183800953,131915.023263716,128515.643118983,143028.075067366,133599.148714853,133401.630899219,130732.825839208,142359.649300469,134283.157390678,139331.052413376,130977.393413084,141218.841173819,141344.560150011,139401.907553219,34138.6841323112,76702.5718231515,50130.3599889234,54819.3400878437,69092.1357384816,69457.1272361934,62882.9656872117,60773.1092859804,60306.1105124751,55668.1649590209,446288.138515061,720211.773138753,469677.5143532,432443.156156968,435103.418617427,624117.941124569,626148.312952823,612741.430678747,646465.668606101,631285.81590505,627843.328309888,638357.090664965,602833.962771595,622309.885028543,608095.308019776,594511.802038846,578598.42427468,593051.834772596,587503.505387192,598741.906344422,590798.992374653,613517.148422229,610298.460959452,561457.643964181,582591.731878541,582180.342360141,565725.351356662,550307.766506421,553140.948708934,541789.52175967,566431.207806931,582057.419076749,555154.281696067,573475.977236395,582891.515908897,561842.567464367,559089.554500418,545205.545263261,559819.688368028,557764.55588161,551655.742763848,529384.547533895,566899.167395167,558566.060770792,549844.912856344,531087.457331877,534676.77862046,535872.7848445,577080.686210178,544872.801149651,542963.611677615,537335.772897747,529936.428235411,538071.6858405,563844.804674376,563441.850619455,105912.090648667,56113.1681209627,42648.8732324783,27238.0034440678,25692.2182734291,36002.2254391507,32153.1570656089,32550.0912272879,26678.6637935546,22705.7728635987,34689.8023508762,41410.3888592729,31653.3264798203,1596707.20036146,1915725.10914881,640485.382088199,50227.5743790201,52488.6396207608,45006.7972749937,54899.5979580213,106883.585572386,38462.0847972699,51567.514731845,61174.0026073168,61393.9645552356,70489.2593446149,64797.1998726282,58331.5129631611,61637.4022427787,49778.0341272275,48611.5584432932,53501.3384892645,81571.081726016,62643.70792407,84069.6001715246,82447.4691263069,78453.3838624963,64372.5739577996,50626.9746173397,49652.7055705547,51749.5588543424,47973.2889791412,48482.4465485534,52958.3761642328,59533.0635065607,57264.6371876929,56218.7676513644,48300.8513579705,52887.2667779126,74244.4489770431,57730.5228264003,50285.2007775458,53448.902861919,49299.1676796349,51149.4144019916,44505.2301699046,74031.3004208355,55683.2192042844,52481.8130870568,76509.2933418331,55056.9333110649,57552.6590478337,842067.311636439,48677.9888656054,54503.1725310773,88481.5891452378,67178.9593658326,56672.7813941788,65470.1013054996,68655.6163373884,60076.1383551462,59753.9123931288,57940.5051595415,54246.0881780341,54254.2653122446,414020.810426929,64307.7810596006,74561.7258907646,76211.8168209029,64863.6504515801,51164.4083695837,54357.2317565758,44550.3224978974,53838.4574475656,48430.5336804317,60727.9828783749,46371.3058284765,56902.4709271842,92711.8862672856,93897.5656223819,48652.0889973856,83131.434421357,67809.4411726189,55433.908978771,66221.6044113213,64591.7006971668,67368.0346547092,50091.4223490647,74540.9343905047,58153.8731081275,67419.1308108145,119848.288318826,77779.5599881639,79510.8571996243,74947.8522945883,84008.8301268725,75521.2664552178,72491.914264052,88277.0941815761,435612.673026547,405341.626068678,61008.0120991146,58970.3530864693,63163.5322909999,81350.9072779916,65598.6420652861,75452.8582471643,62031.8501439842,39181.8815641205,36512.21119936,29521.4885150268,34856.2060703549,32091.166181751,51643.7863781907,51551.380103922,224424.329072449,80939.3507642782,63763.6033575806,48799.6034980965,94100.8669086124,144958.600019027,97246.6451244071,36284.6734848856,36140.3422876246,132762.745209713,138964.854761229,85732.4296401309,71044.773576078,333867.811011798,326871.777360641,322439.108723832,310619.030999083,330061.364143094,313843.567349359,309206.684112439,315661.141525137,306112.482509523,304982.473957501,326328.427827885,309436.050478316,328456.105705161,,,,,,,,,
,,,,,,,,,,,,,,,,,,,,,,,,,,,,,,,,,,,,,,,,,,,,,,,,,,,,,,,,,,,,,,,,,,,,,,,,,,,,,,,,,,,,,,,,,,,,,,,,,,,,,,,,,,,,,,,,,,,,,,,,,,,,,,,,,,,,,,,,,,,,,,,,,,,,,,,,,,,,,,,,,,,,,,,,,,,,,,,,,,,,,,,,,,,,,,,,,,,,,,,,,,,,,,,,,,,,,,,,,,,,,,,,,,,,,,,,,,,,,,,,,,,,,,,,,,,,,,,,,,,,,,,,,,,,,,,,,,,,,,,,,,,,,,,,,,,,,,,,,,,,,,,,,,,,,,,,,,,,,,,,,,,,,,,,,,,,,,,,,,,,,,,,,,,,,,,,,,,,,,,,,,,,,,,,,,,,,,,,,,,,,,,,,,,,,,,,,,,,,,,,,,,,,,,,,,,,,,,,,,,,,,,,,,,,,,,,,,,,,,,,,,,,,,,,,,,,,,,,,,,,,,,,,,,,,,,,,,,,,,,,,,,,,,,,,,,,,,,,,,,,,,,,,,,,,,,,,,,,,,,,,,,,,,,,,,,,,,,,,,,
28,,,,,,,,,,,,,,,,,,,,,,,,,,,,,,,,,,,,,,,,,,,,,,,,,,,,,,,,,,,,,,,,,,,,,,,,,,,,,,,,,,,,,,,,,,,,,,,,,,,,,,,,,,,,,,,,,,,,,,,,,,,,,,,,,,,,,,,,,,,,,,,,,,,,,,,,,,,,,,,,,,,,,,,,,,,,,,,,,,,,,,,,,,,,,,,,,,,,,,,,,,,,,,,,,,,,,,,,,,,,,,,,,,,,,,,,,,,,,,,,,,,,,,,,,,,,,,,,,,,,,,,,,,,,,,,,,,,,,,,,,,,,,,,,,,,,,,,,,,,,,,,,,,,,,,,,,,,,,,,,,,,,,,,,,,,,,,,,,,,,,,,,,,,,,,,,,,,,,,,,,,,,,,,,,,,,,,,,,,,,,,,,,,,,,,,,,,,,,,,,,,,,,,,,,,,,,,,,,,,,,,,,,,,,,,,,,,,,,,,,,,,,,,,,,,,,,,,,,,,,,,,,,,,,,,,,,,,,,,,,,,,,,,,,,,,,,,,,,,,,,,,,,,,,,,,,,,,,,,,,,,,,,,,,,,,,,,,,,,,
10917430.8333333,5665315.83333333,6217753.5,6989016.5,7185007.16666667,7237682.33333333,6370822.33333333,5948908.83333333,5391163,8936172.5,7435540,7643231.83333333,6170654.5,5158508.66666667,4681991.16666667,4000017.16666667,1307786,2949973,2839848.66666667,2649471.66666667,1822593.33333333,3770425,4678119.33333333,3348225.66666667,2039975.66666667,1870357.33333333,2837123.5,3244114.5,2565336.16666667,1301703,1869443.16666667,2857881,1687445.5,1831285.5,1244352.66666667,2726309.33333333,2606382.83333333,698284.5,2789511.83333333,1862744.16666667,3443278.5,3047219.5,2506791.5,894214.666666667,1903856.33333333,2581597.83333333,2659073.66666667,1929946.33333333,1669379.16666667,1699373.33333333,1516937.16666667,2161745,2266275.16666667,1722923.33333333,1849527.83333333,1993673.16666667,3040489,3418748.16666667,2926690,2051705.66666667,2510029.33333333,3026633.5,3003763.5,2636255.66666667,2921222.66666667,2187490.83333333,2158414.66666667,1763330.83333333,2079140.5,1768985.5,1948890.66666667,1870127.83333333,2540773,3480670.33333333,3155430.16666667,3096209.5,3026202.33333333,3039682.66666667,3039608.33333333,4189302.16666667,4429412,4177506.33333333,4290795.5,5309816,4516275,2679843.5,3060097.66666667,3449485.83333333,4157838.5,5029354.5,4956967,4785074.66666667,3243594.33333333,2995965.83333333,4489420.16666667,3006215.5,2982481.16666667,3114244.83333333,4806622.16666667,4356451.16666667,5604386.66666667,4928846,4683565.16666667,4482910.83333333,6298752.16666667,4602277.33333333,3291271.83333333,3275175.5,3238539.83333333,3226553.83333333,3210600.66666667,2548118.5,3033159,3945495.16666667,3861260.16666667,3108428.66666667,3135015.66666667,2999036.5,2997991.33333333,3475407.33333333,3313780.33333333,3300986,3416706.16666667,3421432.5,3417001.83333333,3410491.66666667,3391885,3216921.83333333,3230167,3219543.5,3408826.83333333,3179898.5,3357733.5,3595706.83333333,3013710.33333333,3018139.33333333,3855627.83333333,3121406.16666667,3105479.16666667,6757330.33333333,7622444,6745727.83333333,4846383.83333333,4572528.66666667,5055438.33333333,4787219.33333333,4626530.83333333,8914816.33333333,8488040.16666667,10465955.1666667,9938836.66666667,10091318.5,9739661.33333333,8248518.16666667,8273856.5,7694552.83333333,7035729,6973248.33333333,6823694,6515350.66666667,7290590,6796739.66666667,6573685.83333333,5780107.66666667,6180981.66666667,6855385.33333333,4793306.83333333,6658965.66666667,6301797.83333333,5857427.83333333,6309391.16666667,9254115.33333334,8710208.66666667,8629959,8040419.83333333,5793340.5,7830359.5,6254474.33333333,7871616.33333333,4747391.83333333,6604176.66666667,6642511.33333333,5212774,7823322,5447757.33333333,5741124.83333333,5003206,4364466.16666667,4527746,4343701.83333333,3876292.33333333,5553247.33333333,5999725,5392039.66666667,9324672.83333333,6140146.83333333,7161574.33333333,8723268,6101065.5,6589313.16666667,7486254.33333333,4641053.16666667,7796204.83333333,6435109.66666667,4626943.5,7687792.16666667,6426093,6699186.5,6074128.16666667,7133023.33333333,9247508.83333333,5696132.5,9006306,6000447.16666667,7316806.33333333,7359288.5,7311284.83333333,6991234,5478320.16666667,5304946.66666667,5085671.16666667,7429841,7750664.5,5322829.33333333,7270975.5,7376018.16666667,7366864.33333333,7263573.83333333,7178728.83333333,8751768.5,8019822.66666667,7203253.33333333,7948443,8891210.5,12726670.8333333,7757849.16666667,4501413.33333333,5489825.5,5942039.83333333,5733831.66666667,5432496.5,5569445.66666667,4759335.33333333,3213365.83333333,3249891.83333333,3254703.5,3162872.5,3205329.5,3174752.66666667,3995792,6182823,6159881.66666667,6229948,6083636.83333333,6042547.66666667,6098735.16666667,6071492,6027098.33333333,6157406.83333333,6113344.5,6211778,6084718.5,6346760.66666667,6067146.33333333,6066517,6126112.16666667,8900996.5,8401404.83333333,5153727.33333333,5938080.16666667,5561460.33333333,6556268.33333333,4809861.33333333,5984422.16666667,4908370.66666667,5291502.5,4809168.16666667,5969407.83333333,5792010.5,4687593.66666667,4762324.66666667,4767357.83333333,4763079.5,5079161.66666667,4823174.66666667,4787077.66666667,4779256.33333333,5100108.83333333,4756862.16666667,4754810.83333333,4560251.5,5121542.5,4751370.83333333,5056514.83333333,5177425.16666667,5427535.33333333,5161218.83333333,5171467.5,4772518.16666667,4744822.33333333,6346369.83333333,6146011.5,5548041,5230507,5604257.16666667,5605164.83333333,4374811.66666667,5646058.83333333,5556315.33333333,5584561.5,5565847.33333333,5591473,5494240.5,5566783.33333333,5971514.66666667,6145991.5,5674725,5762356.66666667,6230539.83333333,5923810,5824927.16666667,5764358.5,5787452.5,5767472.83333333,6843894.16666667,7673008.16666667,5068588.5,5015177.16666667,5396691.5,5012913.66666667,5652017.33333333,4974636.5,4952543.16666667,4981317.33333333,5015164.33333333,4813213,4365157.5,4120761.16666667,4355739.5,4350048.66666667,4385382.33333333,4351998.66666667,4389469.83333333,4372776.83333333,4345225.16666667,4335309.5,4324335.83333333,4317501.33333333,4330628.5,4296203.33333333,4420030.5,4104126.5,4291970.5,4309763.83333333,4576355.5,4938527,4959180,4939765,4948370,4930193.16666667,4706565.5,4740399.33333333,4277548,4290039,4283433.66666667,4272888.33333333,4369805.16666667,4265648,4487293.66666667,4238406.16666667,4263532.33333333,3799129.33333333,4639752,4251964,4314615.5,4253161.33333333,4245695.5,4234623.5,4240060.66666667,4248832.33333333,4052638.83333333,4047034.33333333,4017704.5,4045973,4027635.16666667,4022570.33333333,4021903,4019740.33333333,4011253.5,3376480.33333333,3377476.16666667,3376130.5,3375056,8549817.16666667,12566149.6666667,6388648,7176586.33333333,7001284,7658562,7274045,6959015.33333333,6821172.16666667,6864458.33333333,7042298.83333333,8597285.83333333,7824473.66666667,8504282.66666667,7476754.83333333,6338535.5,7032944.66666667,5993754.16666667,7820756.33333333,6347773.66666667,5958000.33333333,6276973.16666667,5772117.33333333,5830931.5,6392534.83333333,5888374.66666667,6303567.16666667,6556021,6411798.83333333,6158586.5,6511147.5,6604343,6240338.83333333,6436566.33333333,6502588.33333333,6706304.5,5993622.66666667,6476597.16666667,6508386.83333333,7066193.16666667,6623738,6169404.16666667,5740224.66666667,6185116.66666667,5792123.16666667,6159176.33333333,6190710.16666667,7438092.66666667,6039219.83333333,5639989,6050996.83333333,6129565.33333333,5307826.16666667,5722674.5,6748461,5602920.33333333,6186031.66666667,5508376.5,5492266.5,5756696.83333333,5807103.16666667,5812147.66666667,5801604.66666667,5826786.5,5462789.5,5465695.83333333,6551296,5528975.5,5783899.83333333,5791474.66666667,5771304.66666667,5607085.66666667,5721945.83333333,5679581.16666667,7949866.5,10058193.8333333,6557366,7739949.33333333,6809549.16666667,6625702.16666667,10520850,7662341.16666667,9138645.66666667,7405848.5,7349821.33333333,6695806.66666667,5654777.66666667,6251289.33333333,7236479.5,7255358.83333333,5467320,6892054.66666667,7273185,5929057.66666667,7297040.83333333,7085065.33333333,5363931.5,5431475.33333333,7855385.83333333,5620929.83333333,5749834.5,5951831.66666667,6356223,5234571.83333333,5236413.16666667,5237280.83333333,5241696.83333333,5066013.5,5216674.16666667,5250725.16666667,5262993,5215666.5,5227981.33333333,5195277.83333333,5474750,5420598.66666667,5469911.83333333,5433006.66666667,6364068.66666667,7374846.5,7383514.66666667,7704767.83333333,6489844.16666667,5957959,6008347.33333333,5989408.33333333,5980023.66666667,6701941.5,5826199.83333333,5627263,5694829,6048473.5,6785592.33333333,6540854.66666667,5701225.16666667,5691860.66666667,5667335.5,7038978.5,5674822.5,5709598,7750243.16666667,7708882,7717882,7802353.83333333,7708222,6082290.83333333,5899139.83333333
5692710.97637473,4218583.43376686,4605014.44903369,6064983.76668976,6742825.42746304,6790385.67280668,5263252.59688834,4683091.12252083,3987676.53821465,5427456.77587898,4750002.89184177,4389039.51121552,5293897.98539355,5975901.6571478,7875985.24660981,6668861.85765063,1717523.44169388,6160943.57956581,5753870.14989799,5242814.55904802,3393455.4272657,7994791.19934951,8250416.47359309,5070417.61896101,3821860.3586333,3370577.4508219,3794551.25177525,5399435.77409939,5295167.46615011,2189390.2234837,2284348.22027618,3321599.84515637,2387646.6852239,3313662.23656062,2110842.89607206,4161678.63503897,4965478.44178578,60653.4333925129,3973069.15123427,1881124.14833167,3755079.99301734,3877491.19882126,3935629.0147418,1775352.32027873,3795830.90208875,5370798.02766067,4860503.16884241,3156197.4443557,3206284.19558244,3459976.87711058,3235871.28671963,4239432.01441863,2973650.05366909,3262357.68989194,3352187.85208218,4362324.79037402,5872676.91743174,7507537.82513347,4811243.49801965,4105418.3997235,5301662.05182917,2787795.180449,3262821.67862645,3246036.87145576,3402450.3304907,3025504.10792261,2960960.61359814,3093707.38929986,3034085.66826059,3159179.81614955,3096201.60452563,3208257.8386774,3403686.09914158,4814458.5815725,3958319.86175854,4099256.30520799,3995032.70896851,3973166.50781135,4059539.96449985,4083672.15055521,4086428.28278672,5540509.56588123,5383426.68308982,6975962.13726201,7493987.18569113,3685195.16153865,4280674.3610704,4998492.01243093,5507378.23002894,7547374.94549679,7211609.78956225,7307486.7608305,3475148.71294433,3835732.02284474,4744464.26159567,4021765.35073148,4018965.88268641,3952999.25910979,2676317.31269843,4112647.12328269,2931439.68791818,3874677.06995017,4077150.42661393,3909329.80295433,4282832.19827457,3434707.9185838,3847599.15120515,3843929.16928045,3830537.84590067,3871471.97677872,3854241.79286893,3056218.14553233,3837280.37857387,5557366.41947775,5405292.88991912,3815578.54340642,3968508.37543784,4066716.67701682,4089223.19487135,3525310.17260721,3470479.04393487,3522326.85896167,3829103.52571353,3829025.19334615,3838797.54445797,3833943.29011579,3820481.92163989,3532332.90843564,3542904.18989619,3559049.63287666,3398182.99735223,3476104.52184164,3383831.10189777,4733699.45415893,3770849.999343,3785499.84172419,3701562.36264269,3899560.14459254,3732834.12598639,2985549.32175408,5707757.99098704,2934357.03945273,2993606.11523323,2574840.6609657,2876296.85919146,3150288.48222455,3395677.52381167,6764188.89342516,5770048.3739755,7848096.10255531,6701147.09045246,7049551.24843427,6277847.1999662,5111707.54843766,6055419.43843476,4026831.49355994,2580734.13691694,2519094.61335168,2433201.24849606,2095112.11302524,3294683.18096366,2346124.06931421,4761717.33900791,6876050.1577608,7061225.58669812,10816911.3938383,3950350.87872358,6757190.18637157,4850579.86437318,3447123.16873015,4876745.54310275,8442574.45805133,8332635.44888849,10814904.7138126,8931200.14134502,5116042.97912743,8702579.73051046,6965937.26817027,10621773.4477745,4410104.66438371,6532016.66929926,5346683.13830254,3511278.12473868,6545177.93709225,3650248.04763987,3324450.67324961,3991083.19500599,3791486.89547673,3765339.07610659,3773831.443926,3444315.88350387,5912599.12175222,6841927.25761433,4771467.28503083,10218495.7157968,3820532.47233882,6355415.63179563,9778719.17302541,3539280.78999413,6664026.94743959,10540457.5269574,4024838.37378667,10622424.0332658,7671418.71208766,4108719.50463133,10462738.0889085,4462272.3798247,5142473.22375177,4659745.35347066,6712220.28436221,9832791.89524203,3855234.21390793,10108808.2482312,3904536.5346,6525810.81628092,6553012.03698476,6719279.60953912,4427119.61862848,3760984.4269647,3214491.24532096,3578179.4346899,6853636.81040389,6741795.22844605,3975489.46753557,6534417.96461272,6613263.47052211,6623219.08628183,6391953.06276682,5937883.5639804,5335823.37092774,3599283.11017695,2806534.34267672,3660065.9105173,5241782.44317647,4278415.76020954,6404552.01718189,3230370.35123966,3725916.35632298,2494729.38498887,2997463.55048162,2797922.47093795,2920696.79681453,2627378.09354639,3470150.82241002,3677864.85859877,3718713.82753735,3597448.38883433,3675032.34812956,3615309.85749004,3705083.02680547,6995388.4807961,7044110.45029513,7239348.72326477,7005377.52019671,6928154.10392415,7051133.7549603,6976647.86114211,7041382.38497307,7069526.22562495,7076935.3939123,7298641.86006808,7048949.17345006,7573291.44956571,7035129.72514818,6986637.27362894,6950638.31438473,10372780.5743386,7880715.57746073,3374171.46665576,4451517.110872,4684274.0673004,5154754.93202618,2861388.08298697,4706736.29394537,3395500.9503939,3599797.75860649,2922437.52336007,4773141.01126432,4206068.6544166,3270883.51606814,2963474.80768821,2975305.40849368,2954277.93073426,3430350.15358827,2930368.3874704,3002149.42976886,3018992.43048502,3457639.00779711,2981740.23824836,3007571.43330877,2862979.21199863,3421489.54378217,3009843.62252934,3446186.10186945,3631627.81829908,3770121.08832455,3604581.91906115,3621139.97088115,3043620.57148406,3032996.60529607,3611523.64819528,3425164.87493941,2874630.95982354,2700900.83594848,2896422.00616784,2911389.99491187,2576232.16075024,2876697.76211707,2884629.4009755,2908241.72757842,2895338.37317255,2933479.20537419,2839796.64097137,2905804.59116009,2145271.38685432,1757170.54644514,2179576.75110082,2112785.93636967,1715393.57493205,1686110.4893342,1797124.00598305,1730393.25746834,1773408.02948907,1783147.33325672,2612770.37660009,3125889.56223117,1772529.4052122,1940522.39855967,1892330.75898467,1998433.92799469,3080125.02828308,1994187.41635472,1972807.22596968,2006097.74609212,2000114.60411824,1852076.83054575,1842938.32927678,1502425.15098615,1849858.56317176,1853666.03026043,1864081.08436405,1862789.60093046,1840919.72657815,1861329.42016908,1902982.74689945,1884761.51551741,1880301.29185984,1883948.37694855,1890753.28482007,1873481.27212659,1883329.88641701,1677194.55230212,1895169.22283038,1928957.8030847,1807325.39639975,2108597.65240332,2118437.19377913,2116644.68448788,2110443.73999839,2115794.30909722,1905685.54258311,1930268.53812351,1959845.20922934,1960878.17601686,1983788.55302068,1983941.16949275,1930572.9297855,1991990.46476242,1825392.00132351,1925301.96339581,1994003.87454966,1447281.71222519,1817678.70303495,2013868.63936593,1980208.83849242,2022231.24371954,2018957.43271846,2021162.79428162,2025769.74323921,2042290.27404614,2109922.14794967,2111714.61003363,2128343.14618567,2139794.29068235,2148846.86823193,2167534.8517624,2163592.55209154,2169708.35476206,2178614.91890694,1567807.40530075,1569142.49494817,1574896.17542094,1571260.19758346,3125909.46186689,4942554.30664075,1687016.90560907,1794226.77402737,1634596.52585695,2924497.28922459,1771562.48745756,1200121.68408052,1172562.10791095,1237307.54492093,1359612.01481017,2581363.16248275,2322095.75725823,2939432.99377922,2901556.21601681,1570599.45991647,3166721.16283134,1033802.54037382,3168970.88099488,1143652.40378354,603819.440810468,985970.024493122,950270.213427458,961676.94606323,981245.876506478,1046516.04214224,933822.30394833,470615.531191226,472396.064447796,904008.537139722,460441.114077251,539648.356548596,935931.102235932,1142286.27634594,465011.931667422,1764289.58068473,1135918.84849362,450835.167162641,448694.639727919,2618062.29684616,2310969.55276784,965165.53460915,1134528.39470481,961965.654443373,1112626.98364859,968038.450930678,1039357.6695597,3491294.15652779,936202.768170959,1111288.05950591,992370.400298682,966567.275452809,1069848.74035284,1107683.69724299,2558630.97619207,1058921.1899309,847744.282786895,822495.158227147,867379.792151685,766269.944985295,841961.789683218,728985.195633674,748747.026965094,763673.622156678,885419.52770057,863159.062729557,2722224.75427677,768469.638619705,776498.097735833,755805.858918457,790859.147438447,913395.248337469,792130.236721063,1047396.80748863,4577647.48611733,11035792.3083733,1924111.75574632,4622809.21665187,2461813.07690648,2974716.12310637,8067812.84077805,2892949.44617264,5544389.62541576,4132158.61696875,4081346.42996708,2707049.84088551,738614.734278072,1824309.0716722,4184240.43441874,4146603.84700783,891302.208444252,3125704.81970769,4231373.43983478,2001312.21317261,4149766.8237902,4283405.11657007,871953.178984916,956770.109045776,6068187.65554809,1119721.41034106,1299910.52191045,1544003.94663015,2537862.98833211,1142948.69628928,1142317.70943314,1143188.3514318,1170326.83860816,1186495.90535438,1169476.96200437,1121863.71204873,1233445.29240352,1117128.59137518,1136772.44959414,1133447.68238916,1083619.82253611,1057507.61735179,1078850.87674181,1078206.43941532,1864984.8912667,4300178.12537294,4297720.46455423,5060550.32248167,2128954.23314691,1203341.35800495,1145476.38455023,1200750.15693885,1219240.36849584,2762596.35576722,1034951.75007793,919001.663611987,962240.148776385,1234972.63340833,2742684.92392901,2201669.50896456,936340.272733458,955188.987276689,952254.472664056,2799909.31640614,952250.024924914,907133.704272309,4272046.64710541,4162555.72127682,4167039.14366616,2616287.17093032,4145161.55130847,674636.792370952,640940.860403022
,,,,,,,,,,,,,,,,,,,,,,,,,,,,,,,,,,,,,,,,,,,,,,,,,,,,,,,,,,,,,,,,,,,,,,,,,,,,,,,,,,,,,,,,,,,,,,,,,,,,,,,,,,,,,,,,,,,,,,,,,,,,,,,,,,,,,,,,,,,,,,,,,,,,,,,,,,,,,,,,,,,,,,,,,,,,,,,,,,,,,,,,,,,,,,,,,,,,,,,,,,,,,,,,,,,,,,,,,,,,,,,,,,,,,,,,,,,,,,,,,,,,,,,,,,,,,,,,,,,,,,,,,,,,,,,,,,,,,,,,,,,,,,,,,,,,,,,,,,,,,,,,,,,,,,,,,,,,,,,,,,,,,,,,,,,,,,,,,,,,,,,,,,,,,,,,,,,,,,,,,,,,,,,,,,,,,,,,,,,,,,,,,,,,,,,,,,,,,,,,,,,,,,,,,,,,,,,,,,,,,,,,,,,,,,,,,,,,,,,,,,,,,,,,,,,,,,,,,,,,,,,,,,,,,,,,,,,,,,,,,,,,,,,,,,,,,,,,,,,,,,,,,,,,,,,,,,,,,,,,,,,,,,,,,,,,,,,,,,,
-750097.685714286,-344521.428571429,9764.4,34614.3428571429,47967.7428571429,41742.6285714286,49644.2857142857,58347.4285714286,70000.9142857143,19361.0285714286,-110042.828571429,-539421.057142857,36047.6571428571,-34271.4857142857,31547.9428571429,4385.40000000002,118898.657142857,47621.0857142857,5898.37142857141,-47476.7714285714,20408.2,-58620.7428571428,-128421.057142857,-2013.57142857148,-24859.0571428572,2881.57142857142,-12874.8857142857,-34418.3428571429,-51632.8857142857,-33295.9142857143,-47970.3714285714,3558.85714285716,-10499.6285714285,50830.4,-20898.4285714286,7131.71428571426,47355.3714285714,41038.8,-18393.3714285714,-58400.4857142856,-154554.057142857,51128.3142857142,17339.7428571428,46807.4285714286,114904.2,61781.6285714286,91782.1142857143,94765.8857142857,65409.7714285714,1445.1714285714,65960.1142857143,62434.8857142857,-130625.257142857,57555.7714285714,54326.0571428572,100671.714285714,-324192.457142857,38937.8,-117538.685714286,82135.6571428571,-290387.257142857,-22453.2857142857,70444.9428571429,121202.257142857,-227769.171428571,-164300.857142857,78474.2285714286,150800.6,64273.9714285714,40556.5142857143,-118478.371428572,-64055.0857142857,-4927.71428571426,-9655.57142857142,-13003.6857142858,6721.77142857143,54410.3142857143,58180.4857142857,117874.628571429,-190475.657142857,-149420.714285714,23767.3428571428,103139.6,-116869.485714286,-10396.4857142856,73008.1142857143,16045.2285714286,18845.9714285714,-13542.2,-178959.428571429,-363368.085714286,-115713.457142857,-25061.6571428572,-25602.3714285715,17901.7142857143,11504.2,3924.1714285714,19360.1428571428,-910157.342857143,-87367.4857142856,-199591.542857143,202814.885714286,268690.542857143,-103800.485714286,-569561.428571429,-99884.8857142857,-145113,-252215.771428571,-277813.342857143,-253380.657142857,-258074.971428571,-242100.4,-74570.4,-86260.1142857143,-102093.371428571,-231579.942857143,-255016.771428571,-68061.2571428572,-59664.7714285714,-872.342857142794,-9577.65714285721,8580.62857142848,9539.05714285711,21324.1428571428,19368.0285714285,24922.7142857143,34425.6,39543.2285714286,44265.8571428572,43679.1142857143,-168379.228571429,-74516.1142857143,-348534.057142857,-97223,-99328.7714285715,-91456.0285714285,-120463.6,-146921.142857143,33388.0285714285,-836260.4,-601794.171428571,-377586.685714286,-377870,131764.285714286,70105.942857143,48289.6571428571,-269593.228571429,102458.857142857,104106.8,-173305.857142857,-285662.771428571,-804564.685714286,-441303.885714286,-535009.914285714,-463864.971428571,-501237.971428571,-544562.685714286,-440964.771428571,-455976.857142857,-407628.085714286,-417734.828571429,-419313.542857143,-205543.371428572,-157602.828571429,-399377.428571429,-190204.2,-177059.171428571,-155166.114285714,-155064.228571429,-191303.571428571,-197076.257142857,-199895.428571429,-196177.257142857,-75578.2571428572,-150523.171428571,-102576.2,-108101.057142857,-113949.028571429,-103138.771428571,-118510.257142857,-115969.257142857,-106466.542857143,-109690.4,-113688.314285714,-111366.971428572,-108778.228571429,-49706.5714285715,-46494.5142857144,-117891.6,-95891.9142857143,-99750.6285714285,-66731.1142857143,-60750.0571428571,-89729,-73913.8857142857,-62077.4,-62228.0857142857,-51795.8571428572,-53520.7428571428,-215348.114285714,-247054,-205561.485714286,-115888.485714286,-295207.285714286,-104377.685714286,-218314.657142857,-96297.5428571429,-51635.2,-123332.8,-282122.114285714,-93712.6,-114888.771428571,-118883.971428572,-133396.571428571,-165844.371428571,-132857.628571428,-91266,-104699.885714286,-104406.457142857,-107109.885714286,-83391.1714285715,-96595.3142857143,-92858.5428571429,-101615.685714286,-97030.5142857143,-87857.6285714286,-94973.3142857143,-15385.6571428572,-213402.571428571,-547858.6,19003.3999999999,32855.5428571429,12592.257142857,23516.6000000001,-28054.2000000002,-44807.6285714285,-70873.1142857143,-91614.8,-464723.342857143,-275062.742857143,-264787.6,-275361.571428571,-277087.371428571,-30970.5714285715,-21261.2571428572,-31951.9428571429,-26284.4,-33508.6571428572,-38899.2857142857,-38379.2,-41252.3428571429,-35381,-34117.9714285715,-35593.6571428571,-37775.3428571429,-10034.6,-28084.5142857143,-37088.1714285715,-35627.0285714285,-31110.5428571429,-34494.9428571428,-32226.7428571428,-29727.7142857143,-35069.2571428572,-33110.4571428571,-34799.3714285715,125745.657142857,-545812.314285714,-45543.2,-37505.2857142857,-51373.6000000001,-62244.6285714286,-55530.8857142858,-59657.0285714287,-58804.942857143,-39737.8,-55598.3999999999,-58268.0285714287,-59713.8,-56173.9714285713,-46895.4285714286,-36435.2,-40060.4285714286,-44110.7428571431,-37178,-41609.6000000001,-26909.8285714285,-29529.857142857,-26621.5714285714,-30796.2,-34805.1142857142,-17206.0285714287,-22000.0285714287,-4290.942857143,-13545.0285714287,-27919.4571428571,10321.3142857144,-2685.82857142854,-25289.0285714287,1853.88571428577,-9902.942857143,-10217.6000000001,-29035.4285714286,-39509.942857143,-18481.6000000001,-21547.2857142857,-32106.8857142858,-46481.2285714287,-32912.4571428571,-21585.5714285714,-15609.2285714287,-23626.142857143,-21466.2,-20173.4571428571,51111.7714285716,85211.8285714285,30566.5714285714,34879.6000000001,72509.114285714,51060.5142857139,59829.5714285714,62489.8285714285,75784.5428571426,89776.885714286,-175325.714285714,-235004.2,-204846,-115221.6,-142228.685714286,-310867.514285714,-309326,-306130.685714286,-320259.8,-333946.714285714,-328758.285714286,-312032.685714286,-304437.314285714,-251898.914285714,-285986.2,-300704.657142857,-355436.142857143,-320084.657142857,-306338.914285714,-326336.771428572,-325677.485714286,-320033.657142857,-313480.942857143,-289812.142857143,-295317.914285714,-299057.285714286,-303841.971428571,-267731.428571429,-278685.028571429,-279585.914285714,-295375.971428571,-296342.371428571,-274353.342857143,-303933.314285714,-318027.914285714,-303256.828571429,-252099.942857143,-289176.742857143,-298527.542857143,-300606.657142857,-281480.2,-268446,-283778.2,-294342.6,-291270.8,-287613.085714286,-287305.971428571,-265782.8,-289727.342857143,-281828.8,-285432.2,-256893.828571429,-262906.485714286,-256913.114285714,-282062.771428571,-272922.742857143,13997.3142857144,400575.085714286,63585.6000000001,58008.6285714286,57572.5428571429,34943.7142857143,49158.3714285714,48330.5142857144,52802.4571428571,56030,44006.257142857,82563.3428571429,98952.4857142856,-1268215.85714286,-924509.685714286,-121579.4,62351.6000000001,72824.5142857139,83951.9714285713,55032.9714285713,32175.1428571427,84264.1714285715,63181.8285714285,19250,32163.8571428573,28238.8285714285,48937.7999999998,55260.9142857143,40667.114285714,56433.114285714,47888.6285714288,76005.2571428572,45937.4285714286,84807.5428571426,66307.7999999998,44083,33003.7428571428,38649.9714285713,71620.9142857143,80797.5428571426,72793.0285714287,79690.8571428573,60372.6000000001,58196.2285714285,45973.0571428575,43954.2857142859,36032.7142857141,22106.9142857143,18116.0857142857,1493.91428571427,26126.3428571429,45394.9142857143,30532.7428571428,77586.5142857139,42815.2000000002,33508.1428571427,27136.3999999999,38839.4285714286,37452.7142857141,37611,21056.8285714285,31812.9428571425,-289894.628571429,13239.6000000001,5607.17142857146,82,8931.05714285746,35398.2285714285,14727.2285714285,-128516,40404.3999999999,20048.4285714286,21770.5428571426,6383.17142857146,1987.91428571427,-137384.514285714,-41710.8571428573,-14061.5428571426,-15324.1428571427,-6573.08571428573,23342.7428571428,-9932.91428571427,6491.20000000019,6882.79999999981,1182.08571428573,-31663.3428571429,-29855.0857142857,-46335.6285714288,-22798.2857142859,-11825.6571428571,-50556.1428571427,-36423.6285714288,-48643.2571428572,-33894.3999999999,-35549.1428571427,-45407.1714285715,-60766.0857142857,-12810.7714285715,-8395.54285714263,-13919.1428571427,-13941.3714285712,-25605.3714285712,-13391.2285714285,-29085.4285714286,-32096.7142857141,-49507.6285714288,-12244.6000000001,-26904.6000000001,-11735.4571428574,-170897.6,-153201,-3183.37142857118,-9213.14285714272,-21741.9428571425,-33635.6285714288,-28032.0571428575,,,,,,,,,,,,,,,,,,,,,,,,,,,,,,,,,,,,,,,,,,,,
-10544358.2333333,-5479838.83333333,-6077190.1,-6840446.3,-7027805.56666667,-7089531.13333333,-6220951.33333333,-5794804.83333333,-5037087.8,-8779811.9,-7251964.4,-7373935.03333333,-5741382.7,-4737294.86666667,-4148212.36666667,-3537393.76666667,-743732.2,-2487116.2,-2345243.86666667,-2183815.86666667,-1358518.13333333,-3279375.6,-4181120.53333333,-2793228.66666667,-1602299.86666667,-1414683.33333333,-2415125.1,-2918845.7,-2207774.76666667,-940806.2,-1514460.96666667,-2332980,-1036826.7,-1360711.1,-901940.666666667,-2352813.33333333,-2133895.03333333,-110070.7,-2294200.63333333,-1163025.36666667,-2638063.7,-2554140.9,-2172848.9,-640166.666666667,-1470711.13333333,-2225299.63333333,-2177844.26666667,-1318745.73333333,-1345210.96666667,-1324806.73333333,-1226576.76666667,-1699999.4,-1524515.56666667,-1385684.13333333,-1420079.63333333,-1678686.16666667,-2422611.6,-3054561.36666667,-2408046.4,-1540669.86666667,-2064253.73333333,-2140655.5,-2119368.7,-2054871.26666667,-2386817.26666667,-1505473.83333333,-1651476.86666667,-1185035.23333333,-1580770.1,-1302127.7,-1422322.46666667,-1452247.63333333,-2189085,-3123521.33333333,-2678604.56666667,-2739399.3,-2710310.73333333,-2733772.46666667,-2680518.13333333,-3633335.96666667,-3700036,-3392596.13333333,-3805123.9,-4790076.2,-3950306.2,-2342878.1,-2813431.86666667,-3149448.43333333,-3671280.7,-4534120.5,-4359715.8,-4295708.26666667,-2695656.13333333,-2465568.63333333,-4014289.16666667,-2593152.3,-2587381.56666667,-2706324.83333333,-2794441.36666667,-3720493.36666667,-4040884.06666667,-3838853.4,-3780937.76666667,-3699260.03333333,-5530734.16666667,-4021620.93333333,-2749828.83333333,-2782695.7,-2778266.03333333,-2778514.63333333,-2770104.06666667,-2105317.9,-2527272.4,-3461955.56666667,-3396919.96666667,-2564890.46666667,-2717653.86666667,-2668995.9,-2685889.53333333,-2745205.53333333,-2613761.13333333,-2671494.8,-2833121.96666667,-2838636.5,-2841984.23333333,-2834504.66666667,-2807584.4,-2635829.03333333,-2651020,-2644263.1,-2808850.63333333,-2539593.9,-2750539.7,-3087029.83333333,-2519130.53333333,-2530085.93333333,-3366268.43333333,-2601514.16666667,-2413047.56666667,-4587191.73333333,-5680717.6,-5365131.23333333,-3565623.83333333,-3034800.66666667,-3460205.53333333,-3561083.53333333,-3545496.63333333,-6155253.33333333,-5832146.36666667,-8629228.16666667,-8743799.86666667,-8522511.9,-8242268.93333333,-6807514.36666667,-6827092.9,-6269219.23333333,-5634782.4,-5574607.53333333,-5424871,-5122739.46666667,-5922287.4,-5453136.06666667,-5947757.63333333,-5147029.06666667,-5612026.66666667,-6368212.53333333,-4321627.43333333,-6187234.06666667,-5834262.63333333,-5391946.83333333,-5846770.56666667,-8794203.33333333,-8248708.06666667,-8158485.4,-7526594.43333333,-5296885.7,-7362714.7,-5795126.93333333,-7408133.53333333,-4293073.23333333,-6154290.06666667,-6186688.73333333,-4764525.4,-7379262.6,-5000568.73333333,-5297960.63333333,-4409406,-3777075.96666667,-3952156.6,-3777086.03333333,-3311799.53333333,-4991855.73333333,-5444272.2,-4835487.66666667,-8767942.43333333,-5583433.23333333,-6608700.13333333,-8169582,-5550131.1,-5818430.56666667,-6692334.33333333,-4001874.36666667,-7156781.03333333,-5809950.66666667,-4019068.9,-7092710.96666667,-5829925.4,-6109587.7,-5482470.96666667,-6534156.73333333,-8659195.43333333,-5133187.7,-8462330.4,-5473387.16666667,-6793951.13333333,-6774709.7,-6784658.83333333,-6527629.6,-5029095.76666667,-4853117.26666667,-4626531.76666667,-6989896.6,-7318690.9,-4890774.73333333,-6841490.3,-6941788.36666667,-6935775.93333333,-6583999.63333333,-5477116.83333333,-6809367.1,-6342362.26666667,-5596567.93333333,-6373915.6,-7359451.9,-8000811.03333334,-7204818.36666667,-4034761.73333333,-5072599.3,-3710196.03333333,-4177481.26666667,-3931812.1,-4129806.66666667,-3342638.13333333,-2506594.83333333,-2637008.23333333,-2701632.3,-2619490.9,-2674100.3,-2653952.66666667,-3473694.2,-5662328.2,-5637148.66666667,-5709417.4,-5566414.63333333,-5526194.86666667,-5562240.76666667,-5553238.8,-5516959.93333333,-5646912.43333333,-5602073.9,-5702828.8,-5576085.1,-5836615.66666667,-5562189.73333333,-5563705.6,-5627162.96666667,-7125684.7,-6868751.43333333,-3691588.53333333,-4467342.16666667,-4120745.93333333,-5142034.53333333,-3394683.93333333,-4596085.76666667,-3506017.46666667,-3895378.3,-3432061.56666667,-4596728.43333333,-4433098.3,-3339028.06666667,-3412097.66666667,-3421134.03333333,-3413083.5,-3739574.26666667,-3485254.66666667,-3435285.26666667,-3445562.73333333,-3766431.83333333,-3432348.16666667,-3438558.03333333,-3252896.9,-3806542.1,-3433464.43333333,-3735768.63333333,-3866825.76666667,-4133309.93333333,-3828074.23333333,-3863285.9,-3462845.76666667,-3430889.73333333,-5050018.63333333,-4852105.1,-4271237,-3967200.8,-4331982.76666667,-4339520.83333333,-3109134.26666667,-4386179.63333333,-4298053.93333333,-4321302.5,-4313414.13333333,-4345128,-4246558.7,-4318514.93333333,-3769692.46666667,-3310664.1,-3692647,-3779611.06666667,-3357960.43333333,-3298091.2,-3351095.16666667,-3303540.1,-3321198.1,-3311691.23333333,-3709178.16666667,-4107191.36666667,-2793420.5,-2776528.76666667,-3179909.9,-2821561.46666667,-3462108.33333333,-2800623.9,-2773653.96666667,-2811149.33333333,-2850421.33333333,-2642004.4,-2199449.1,-1920724.36666667,-2169222.7,-2186723.46666667,-2240279.33333333,-2184450.46666667,-2230752.03333333,-2243239.03333333,-2228196.36666667,-2221701.3,-2216708.63333333,-2218224.33333333,-2230290.7,-2210417.33333333,-2337750.9,-2010183.5,-2209481.1,-2232922.03333333,-2518288.9,-2873836.8,-2881185.2,-2893604.6,-2911828.2,-2894128.56666667,-2629615.3,-2699679.93333333,-2261689.4,-2275710.8,-2244865.86666667,-2235723.33333333,-2338961.36666667,-2262106.6,-2489235.46666667,-2250026.96666667,-2272102.73333333,-1805981.13333333,-2640633.2,-2263741.8,-2336731.7,-2258702.73333333,-2262345.7,-2241310.9,-2259500.86666667,-2272685.93333333,-2001008.23333333,-1640186.53333333,-2007248.9,-2053452.8,-2046078.76666667,-2049253.33333333,-2052679.2,-2052679.53333333,-2046339.9,-1408946.33333333,-1390013.76666667,-1379646.3,-1368166.8,-3630280.16666667,-6091200.06666667,-2048801.4,-3068683.73333333,-2904177.2,-3625720.6,-3310311.6,-3004003.33333333,-2906721.56666667,-2975266.93333333,-3200393.83333333,-4798103.83333333,-4040277.26666667,-4678995.86666667,-3666798.63333333,-2590731.1,-3276648.26666667,-2272204.96666667,-4084565.93333333,-2616192.66666667,-2211773.93333333,-2543005.36666667,-2046329.33333333,-2151044.9,-2713139.43333333,-2165990.46666667,-2594939.76666667,-2865398.4,-2696192.83333333,-2518770.9,-2891287.7,-3000450.8,-2656000.83333333,-2847841.33333333,-2938298.13333333,-3155344.7,-2445999.46666667,-2916870.96666667,-2958954.63333333,-3529707.56666667,-3060616.2,-2633607.96666667,-2217755.66666667,-2654979.26666667,-2270553.16666667,-2652436.33333333,-2678996.16666667,-3935354.26666667,-2549343.03333333,-2157057.2,-2581830.23333333,-2674293.73333333,-1846500.16666667,-2244526.3,-3269669.2,-2061204.53333333,-2566359.66666667,-1947403.1,-1968754.5,-2232071.43333333,-2294623.56666667,-2313508.46666667,-2294628.46666667,-2340396.5,-1960727.9,-1973860.83333333,-3048278.8,-2005989.9,-2296692.03333333,-2310406.46666667,-2291674.86666667,-2152752.86666667,-2273089.03333333,-2243090.96666667,-4525708.7,-6586968.83333333,-3091672.8,-4315255.33333333,-3362138.36666667,-3206849.56666667,-7108789.4,-4253921.16666667,-5731932.26666667,-4004601.3,-3898873.53333333,-3254266.06666667,-2251985.66666667,-2855191.13333333,-3838152.3,-3862093.63333333,-2080255,-3515720.66666667,-3906311.2,-2541261.26666667,-3932088.43333333,-3706498.93333333,-2009288.1,-2060034.33333333,-4509690.63333333,-2282917.83333333,-2420304.3,-2625518.86666667,-3027189.2,,,,,,,,,,,,,,,,,,,,,,,,,,,,,,,,,,,,,,,,,,,,
,,,,,,,,,,,,,,,,,,,,,,,,,,,,,,,,,,,,,,,,,,,,,,,,,,,,,,,,,,,,,,,,,,,,,,,,,,,,,,,,,,,,,,,,,,,,,,,,,,,,,,,,,,,,,,,,,,,,,,,,,,,,,,,,,,,,,,,,,,,,,,,,,,,,,,,,,,,,,,,,,,,,,,,,,,,,,,,,,,,,,,,,,,,,,,,,,,,,,,,,,,,,,,,,,,,,,,,,,,,,,,,,,,,,,,,,,,,,,,,,,,,,,,,,,,,,,,,,,,,,,,,,,,,,,,,,,,,,,,,,,,,,,,,,,,,,,,,,,,,,,,,,,,,,,,,,,,,,,,,,,,,,,,,,,,,,,,,,,,,,,,,,,,,,,,,,,,,,,,,,,,,,,,,,,,,,,,,,,,,,,,,,,,,,,,,,,,,,,,,,,,,,,,,,,,,,,,,,,,,,,,,,,,,,,,,,,,,,,,,,,,,,,,,,,,,,,,,,,,,,,,,,,,,,,,,,,,,,,,,,,,,,,,,,,,,,,,,,,,,,,,,,,,,,,,,,,,,,,,,,,,,,,,,,,,,,,,,,,,,
-89347.71140553,,,,,,,,,,,,,,,,,,,,,,,,,,,,,,,,,,,,,,,,,,,,,,,,,,,,,,,,,,,,,,,,,,,,,,,,,,,,,,,,,,,,,,,,,,,,,,,,,,,,,,,,,,,,,,,,,,,,,,,,,,,,,,,,,,,,,,,,,,,,,,,,,,,,,,,,,,,,,,,,,,,,,,,,,,,,,,,,,,,,,,,,,,,,,,,,,,,,,,,,,,,,,,,,,,,,,,,,,,,,,,,,,,,,,,,,,,,,,,,,,,,,,,,,,,,,,,,,,,,,,,,,,,,,,,,,,,,,,,,,,,,,,,,,,,,,,,,,,,,,,,,,,,,,,,,,,,,,,,,,,,,,,,,,,,,,,,,,,,,,,,,,,,,,,,,,,,,,,,,,,,,,,,,,,,,,,,,,,,,,,,,,,,,,,,,,,,,,,,,,,,,,,,,,,,,,,,,,,,,,,,,,,,,,,,,,,,,,,,,,,,,,,,,,,,,,,,,,,,,,,,,,,,,,,,,,,,,,,,,,,,,,,,,,,,,,,,,,,,,,,,,,,,,,,,,,,,,,,,,,,,,,,,,,,,,,,,,,,,,
-3695808.88004032,,,,,,,,,,,,,,,,,,,,,,,,,,,,,,,,,,,,,,,,,,,,,,,,,,,,,,,,,,,,,,,,,,,,,,,,,,,,,,,,,,,,,,,,,,,,,,,,,,,,,,,,,,,,,,,,,,,,,,,,,,,,,,,,,,,,,,,,,,,,,,,,,,,,,,,,,,,,,,,,,,,,,,,,,,,,,,,,,,,,,,,,,,,,,,,,,,,,,,,,,,,,,,,,,,,,,,,,,,,,,,,,,,,,,,,,,,,,,,,,,,,,,,,,,,,,,,,,,,,,,,,,,,,,,,,,,,,,,,,,,,,,,,,,,,,,,,,,,,,,,,,,,,,,,,,,,,,,,,,,,,,,,,,,,,,,,,,,,,,,,,,,,,,,,,,,,,,,,,,,,,,,,,,,,,,,,,,,,,,,,,,,,,,,,,,,,,,,,,,,,,,,,,,,,,,,,,,,,,,,,,,,,,,,,,,,,,,,,,,,,,,,,,,,,,,,,,,,,,,,,,,,,,,,,,,,,,,,,,,,,,,,,,,,,,,,,,,,,,,,,,,,,,,,,,,,,,,,,,,,,,,,,,,,,,,,,,,,,,,
