,,,,,,,,,,,,,,,,,,,
,,,,,,,,,,,,,,,,,,,
,,,,,,,,,,,,,,,,,,,
,,,,,,,,,,,,,,,,,,,
,,,,,,,,,,,,,,,,,,,
,,,,,,,,,,,,,,,,,,,
,,,,,,,,,,,,,,,,,,,
,,,,,,,,,,,,,,,,,,,
,,,,,,,,,,,,,,,,,,,
,,,,,,,,,,,,,,,,,,,
,,,,,,,,,,,,,,,,,,,
,,,,,,,,,,,,,,,,,,,
,,,,,,,,,,,,,,,,,,,
,,,,,,,,,,,,,,,,,,,
,,,,,,,,,,,,,,,,,,,
,,,,,,,,,,,,,,,,,,,
,,,,,,,,,,,,,,,,,,,
,,,,,,,,,,,,,,,,,,,
,,,,,,,,,,,,,,,,,,,
,,,,,,,,,,,,,,,,,,,
,,,,,,,,,,,,,,,,,,,
,,,,,,,,,,,,,,,,,,,
,,,,,,,,,,,,,,,,,,,
,,,,,,,,,,,,,,,,,,,
,,,,,,,,,,,,,,,,,,,
,,,,,,,,,,,,,,,,,,,
,,,,,,,,,,,,,,,,,,,
,,,,,,,,,,,,,,,,,,,
,,,,,,,,,,Baseline,,,Hybrid,,,,,,
,base_LU,total,star_to_mesh_m1,LU+,,,,,,LU (full),L,U,star_to_mesh (1),LU,L,U,total,diff_LU,diff_bw
4,0.000109,7.99E-05,37885,4.20E-05,2.91E-05,,,,4,4.00E-05,5.50E-05,1.00E-05,0.004412,3.50E-05,5.00E-05,0.00025,0.004747,-0.004407,-0.000235
8,8.00E-05,0.000157251,77251,8.00E-05,-7.73E-05,,,,8,3.30E-05,5.30E-05,1.00E-05,0.00486,1.80E-05,3.60E-05,0.000295,0.005209,-0.004845,-0.000268
16,0.000328,0.001004569,763569,0.000241,-0.000676569,,,,16,0.000328,8.30E-05,3.00E-05,0.008746,0.000412,0.000158,0.000557,0.009873,-0.00883,-0.000602
32,0.003723,0.013067969,9097969,0.00397,-0.009344969,,,,32,0.003193,0.000276,0.000186,0.028196,0.004075,0.000224,0.001109,0.033604,-0.029078,-0.000871
64,0.035518,0.272141032,195859032,0.076282,-0.236623032,,,,64,0.032125,0.001014,0.00098,0.346406,0.066399,0.000749,0.007581,0.421135,-0.38068,-0.006336
128,0.431774,10.29357205,8920372050,1.3732,-9.86179805,,,,128,0.426623,0.008684,0.009782,11.005097,1.394401,0.003232,0.052204,12.454934,-11.972875,-0.03697
150,0.737215,,15746980018,,,,,,,,,,,,,,,,
